-- MySQL dump 10.13  Distrib 8.0.16, for Win64 (x86_64)
--
-- Host: 127.0.0.1    Database: 1
-- ------------------------------------------------------
-- Server version	8.0.16

/*!40101 SET @OLD_CHARACTER_SET_CLIENT=@@CHARACTER_SET_CLIENT */;
/*!40101 SET @OLD_CHARACTER_SET_RESULTS=@@CHARACTER_SET_RESULTS */;
/*!40101 SET @OLD_COLLATION_CONNECTION=@@COLLATION_CONNECTION */;
 SET NAMES utf8 ;
/*!40103 SET @OLD_TIME_ZONE=@@TIME_ZONE */;
/*!40103 SET TIME_ZONE='+00:00' */;
/*!40014 SET @OLD_UNIQUE_CHECKS=@@UNIQUE_CHECKS, UNIQUE_CHECKS=0 */;
/*!40014 SET @OLD_FOREIGN_KEY_CHECKS=@@FOREIGN_KEY_CHECKS, FOREIGN_KEY_CHECKS=0 */;
/*!40101 SET @OLD_SQL_MODE=@@SQL_MODE, SQL_MODE='NO_AUTO_VALUE_ON_ZERO' */;
/*!40111 SET @OLD_SQL_NOTES=@@SQL_NOTES, SQL_NOTES=0 */;

--
-- Table structure for table `friends`
--

DROP TABLE IF EXISTS `friends`;
/*!40101 SET @saved_cs_client     = @@character_set_client */;
 SET character_set_client = utf8mb4 ;
CREATE TABLE `friends` (
  `name` varchar(100) DEFAULT NULL,
  `id` int(100) NOT NULL AUTO_INCREMENT,
  `userid` varchar(45) DEFAULT NULL,
  `sex` varchar(45) DEFAULT NULL,
  `age` varchar(45) DEFAULT NULL,
  `qq` varchar(45) DEFAULT NULL,
  `telephone` varchar(45) DEFAULT NULL,
  `email` varchar(45) DEFAULT NULL,
  `address` varchar(45) DEFAULT NULL,
  PRIMARY KEY (`id`)
) ENGINE=InnoDB AUTO_INCREMENT=11 DEFAULT CHARSET=utf8mb4 COLLATE=utf8mb4_0900_ai_ci;
/*!40101 SET character_set_client = @saved_cs_client */;

--
-- Dumping data for table `friends`
--

LOCK TABLES `friends` WRITE;
/*!40000 ALTER TABLE `friends` DISABLE KEYS */;
INSERT INTO `friends` VALUES ('王五',6,'6','女','22','12312312','54253662 ','623452452','23423423'),('yangzehao',8,'4','男','123','1234153','647644','4567456','南通大街145号'),('123',9,'1','女','123','41523','3563454','23423414','1231234'),('222',10,'2','男','4456','24123','243435','234234235','364234');
/*!40000 ALTER TABLE `friends` ENABLE KEYS */;
UNLOCK TABLES;

--
-- Table structure for table `user`
--

DROP TABLE IF EXISTS `user`;
/*!40101 SET @saved_cs_client     = @@character_set_client */;
 SET character_set_client = utf8mb4 ;
CREATE TABLE `user` (
  `userid` int(100) NOT NULL AUTO_INCREMENT,
  `userName` varchar(100) NOT NULL,
  `password` varchar(45) NOT NULL,
  `zhishi` int(100) DEFAULT '1',
  `shenghuo` int(100) DEFAULT '1',
  `yingyue` int(100) DEFAULT '1',
  `yule` int(100) DEFAULT '1',
  `zhixun` int(100) DEFAULT '1',
  PRIMARY KEY (`userid`)
) ENGINE=InnoDB AUTO_INCREMENT=8 DEFAULT CHARSET=utf8mb4 COLLATE=utf8mb4_0900_ai_ci;
/*!40101 SET character_set_client = @saved_cs_client */;

--
-- Dumping data for table `user`
--

LOCK TABLES `user` WRITE;
/*!40000 ALTER TABLE `user` DISABLE KEYS */;
INSERT INTO `user` VALUES (1,'123','123',23,1,23,3,0),(2,'222','111',123,2,23,0,8),(3,'444','222',78,89,0,9,7),(4,'abc','444',1,0,3,45,6),(5,'杨栩','222',546,45,456,0,0),(6,'王五','444',45,5687,78,67,0),(7,'yangzehao','yangzehao',1,1,1,1,1);
/*!40000 ALTER TABLE `user` ENABLE KEYS */;
UNLOCK TABLES;

--
-- Table structure for table `userblog`
--

DROP TABLE IF EXISTS `userblog`;
/*!40101 SET @saved_cs_client     = @@character_set_client */;
 SET character_set_client = utf8mb4 ;
CREATE TABLE `userblog` (
  `id` int(100) NOT NULL AUTO_INCREMENT,
  `userid` int(100) DEFAULT NULL,
  `username` varchar(100) DEFAULT NULL,
  `blog` varchar(10000) DEFAULT NULL,
  `tag` int(100) DEFAULT NULL,
  `title` varchar(1000) DEFAULT NULL,
  PRIMARY KEY (`id`)
) ENGINE=InnoDB AUTO_INCREMENT=70 DEFAULT CHARSET=utf8mb4 COLLATE=utf8mb4_0900_ai_ci;
/*!40101 SET character_set_client = @saved_cs_client */;

--
-- Dumping data for table `userblog`
--

LOCK TABLES `userblog` WRITE;
/*!40000 ALTER TABLE `userblog` DISABLE KEYS */;
INSERT INTO `userblog` VALUES (44,5,'杨栩','   以我十几年玩锂电池的经验来看，这是一起典型的因用户私自购买垃圾厂家生产的垃圾软包三元锂电，导致热失控案例。下面具体分析。\r\n 1.是什么种类的电池起火？目前市场上的电瓶车电池，按照市场占有率从高到低，主要分为免维护铅酸蓄电池、三元锂电池、磷酸铁锂电池、锰酸锂电池、钛酸锂电池五种。其中铅酸蓄电池、磷酸铁锂和钛酸锂安全性极高，即使你给电池短路或者砸穿，也只会冒烟或缓慢燃烧，而不会像视频里这样短短数秒就爆燃。所以根据火情发展的速度和剧烈程度可以判断，起火的电池为三元锂电池。锰酸锂起火则介于三元和铁锂之间，会发生并不剧烈的燃烧。2.是哪种封装的电池起火？同样为三元锂电，不同的封装模式也会产生不同的燃烧效果。目前市场上主要有四种封装模式：圆柱小单体（18650或21700电芯），圆柱大单体（18650的超级放大版），软包大单体（好像压缩饼干一样，使用铝塑膜封装的大电芯），以及硬包大单体（拥有独立坚硬金属外壳的长方体大电芯）。圆柱小单体电池爆燃时宛如放鞭炮，噼里啪啦一节接一节地炸，并崩出大量圆柱体的电池钢壳。圆柱大单体宛如放二踢脚，非常有节奏地一顿炸，惊天动地威力巨大。软包电池不会炸，但是起火燃烧速度位列各种封装之首，并且火势蔓延极快，从一片电池起火到把整组都给点着了可能超不过十秒。硬包大单体比较玄学，可能像软包一样只烧不炸，也可能像二踢脚一样有节奏地炸，但燃烧强度和爆炸威力都要显著低于软包和圆柱大单体。在本次事故中，我们并未观察到明显的爆炸，而是迅速冒烟剧烈爆燃，说明事故电池的封装模式为软包大单体。3.起火的原因是什么？三元电池作为最危险的电池种类，又使用了最容易爆燃的软包封装，在使用中稍有不慎，就会酿成大祸。本次事故视频中可看到，电池是在静止且未使用的状态下发生自燃，那就可以直接排除过充过放超载等情况。又可看到在出现冒烟后迅速爆燃，可排除主线短路导致起火的情况。那么剩下唯一的可能，就是电池受到了内伤，导致电芯内部短路起火。软包电池有一个重大缺陷，就是边角处非常脆弱，很容易受到压力变形，引起内部隔膜破损而短路起火。我曾经见过多起因缓冲没有垫好，压坏了边角导致软包爆燃的事故。正常来说，使用软包时必须要在电芯外面套上一层坚固的支架来保护电芯，然而支架需要一定成本，还会占用电池仓空间，所以很多垃圾厂家如超威、星恒等，都是直接把电芯拿胶带一捆就塞进去，根本不给你用支架，留下十足的安全隐患，最终酿成大祸。PS：说超威垃圾指的是超威锂电，超威的铅酸还是很好的，基本业界标杆。如果你发现自己的车里装了超威的铅酸那大可放心，如果是超威锂电，建议还是去换成铅酸吧PSS：评论区有不少人问我推荐靠谱的锂电品牌，这还真是难住我了，因为我的锂电都是自己组装的，从来不敢买成品电池，鬼知道里面给我用了什么垃圾工艺。所以这里只能给你们推荐些靠谱的电芯品牌：宁德时代、比亚迪（铁锂）、LG（软包，一定要加支架）、三星、三洋（数码电芯）、力神、力信（力神的子品牌）、索尼（动力18650）、万向。再PS：评论区还有不少人问我，我也不会自己组装锂电，该买啥？个人建议，如果是非要提回家/推回家充电的，可以买淘宝上口碑好的商家的、使用硬壳磷酸铁锂电芯的成品，然后再找不锈钢加工店定制一个钢防爆箱，把电池放在箱子里充电，周围避开可燃物，最好还能拉个水龙头过来。铁锂虽然也会起火，但燃烧的剧烈程度要远低于三元，只要充电的时候有人在场，基本不会出大事故。',0,'锂电池相关的知识'),(45,5,'杨栩','\r\n\r\n查完分的那个夜晚，我九点多钟就睡着了，打断了我坚持六年的修仙大业。经历了高中三年心理和生理上的双重重压后，这样整整一天的兴奋反而更让我感到疲倦。疲倦，但心安。估完分之后郁闷了整整一个下午。高考冲刺阶段，班里流行在桌上写下自己理想的大学。说来惭愧，我高中三年浑浑噩噩学下来，还真的没有什么明确的目标。不过最后我还是写下了“复日大学”。要问为什么……我想去亲眼康康老番茄！而“旦”少了那一横是因为一二三模数学成绩一直不稳定，可能高考成绩忽忽悠悠就比复旦少那么一点，于是我少写一横以示警戒。估完分才发现……md，少的不是那么一点，是很多点……( ´ﾟжﾟ｀ )可恶！！考数学的时候那么大个头里有脑子吗！！尤其是考完数学后还猛吹了一通牛逼，骗了一顿金拱门！What a shame！！于是对于分数我是抱着及其悲观的态度的。语文英语和文综，我整整少估了23分。分数公布的前一天下午，爸妈担心我晚上焦虑，就带我到公园和环山路上徒步。三万多步啊！对于一个高中三年教室食堂家三点一线，体育课跟朋友晒晒太阳聊聊天的人来说已经是一项壮举了。于是，不辜负他们的期望，我当天晚上……才到一点就睡了。睡得完全忘记了查分这件事儿。第二天早上大概七八点，被妈妈大力拍醒了。一睁眼，查分系统的页面直接怼到脸上。咦！！！！！！（超大声）茄哥是没法亲眼看到了，但这个分数是真的对得起我这三年掉的头发。没有自己查分是个遗憾，但和我经历的惊喜相比这种遗憾根本不算什么。南京大学的紫色信封很是独特，领录取通知书的时候我一眼就认出了它。不知为何，我在心里早已把南京这座城市与紫色联系在一起。专业是我最心仪的专业，只是这个学期刚经历了众多保送dalao的吊打……(｡･ˇ_ˇ･｡:)与大佬们不同，本人咸鱼一条，在人生的道路上也就是看心情随便走走。对于重要的抉择，我通常都是先选择，再去热爱我的选择。我就是这样，爱上了与我不期而遇的南大。把我的欧气放在这里┬─┬ ノ( \' - \'ノ)2020大家冲冲冲！',1,'高考的得与失'),(46,1,'123','作者：新华社\r\n链接：https://www.zhihu.com/question/459149724/answer/1883188765\r\n来源：知乎\r\n著作权归作者所有。商业转载请联系作者获得授权，非商业转载请注明出处。\r\n\r\n有一把美工刀。　　警方告诉记者，经公安机关勘验，小林（化名）坠楼起点位于该校实验楼4楼与体育馆之间的连接平台。在坠楼起点南侧的平台地面上，发现1处鞋印，在坠楼起点处护栏上发现1处踩踏痕迹，在护栏防护玻璃上发现1处踩踏痕迹，在护栏防护玻璃外侧，提取到3枚指纹。经比对，平台地面足迹、护栏及玻璃上的踩踏痕迹与死者所穿帆布鞋足底花纹类型相同，护栏玻璃上指纹为死者所留。　　事发后，公安机关法医对小林的遗体进行了体表检验，遗体损伤主要为全身多处擦伤及骨折，鉴定损伤均为高坠伤。警方还介绍，根据理化检验结果，死者血液中未检出农药、鼠药、安眠药等毒药物，可排除死者中毒死亡。　　针对网络质疑的“关键监控视频缺失”，记者12日凌晨在成华区公安分局看到了警方调取的全部监控视频。从9日18时16分小林从所在班级教室后门离开，至18时39分44秒小林出现在实验楼5楼走廊尽头，整个过程视频监控连续完整。18时49分28秒监控上出现小林的坠楼身影。“由于死者生前攀爬进入的连接平台属于无人活动区域，未安装监控，所以从18时39分至18时49分，小林没有出现在监控视频里，但是根据现场脚印、攀爬痕迹等证据证明，此前没有其他人进入该平台。”办案民警说。　　记者从监控视频中看到，小林还在18时24分53秒时进入学校负一楼水泵房，并在水泵房内手持一把疑似刀具数次割左手腕，中间表现出垂头、摇脑、情绪低落。在水泵房，小林共计停留约12分钟，记者留意到其手腕上当时已出现明显伤口。　　针对学校不让家属看监控视频的网络质疑，警方告诉记者，因为相关监控是涉案（事）件证据，案发后，公安机关第一时间进行了调取封存，所以家属向学校申请查看，未能在当晚看到。5月10日11时许，小林父亲、亲友及律师等一行3人到公安机关查看了全部监控视频。救护车何时到达？遗体被擅自火化？学校处置是否失当？　　小林出事后，家属约两个小时才接到校方通知，网络上出现“学校故意拖延隐瞒”“救护车没有及时赶到救治”“孩子遗体被火化了”等舆情。　　成都49中学食堂的丁经理告诉记者，最早是一名食堂的员工发现有人躺在地上，该员工于18时56分拨打了120急救电话，19时08分拨打了110报警。　　成都市第六人民医院急诊科医生张杰介绍，该院于18时56分接到出诊指令，之后一车4人于19时06分到达坠楼现场紧急施救，发现小林已无生命体征。之后救护车于19时31分回到医院，结束出诊。　　为何事发2个小时才通知家长？学校安全中心主任米平回应说，学校报案后，组织班主任对学生身份进行辨认，但因学生头部受伤严重导致辨认困难，直到19时54分才确认死亡学生身份。班主任在辨认学生时受到很大惊吓，处于情绪失控状态。“这位女班主任当天上班匆忙，手机落在家里了，后来通过翻阅手册才找到了家长的联系方式。”米平说，“后来由我代为通知家长到学校旁边的跳蹬河派出所会面。考虑到家长情绪的问题，在电话里我没有直说学生已经去世了。”　　成都49中学副校长余光玲告诉记者，学校有3000余名学生、近千名住校学生，为了不影响学校正常教学秩序，5月9日20时44分，学校通知小林家长到学校旁边的跳蹬河派出所沟通协商。当天晚上9点多，他带着相关老师与小林父母见了面，小林的班主任由于情绪激动没有参与见面沟通。　　随后，公安机关按照非正常死亡案（事）件处置流程，将小林的遗体运送至殡仪馆法医检验室保存。记者从殡仪馆获悉，小林遗体至今仍在殡仪馆保存，不存在网传遗体被擅自火化的情况。　　12日上午，班主任和小林母亲一见面，双方就抱着跪在一起痛哭。“事发后，我都不敢去看现场，还是通过照片才辨认出来是小林，整个人都崩溃了，连路都走不动了。自己从来没经历过这样的事。”班主任对小林的父母说。　　网络还流传“学校化学老师为留学名额实施迫害”的质疑，记者了解到，网传的化学老师姓名实际上是该校一名语文老师的姓名，且该语文老师的孩子在读高三，不存在与就读高二的小林一起竞争出国留学名额的事情。警方称，该质疑纯属谣言。孩子为何走到这一步？　　12日上午，记者在成都49中学附近的一家酒店见到了小林的父母，房间内有十多名亲友陪伴着他们，房间内笼罩着悲伤的情绪。　　成都49中学对外交流中心主任汤小林告诉记者，小林是49中（枫林校区）高二年级的住校生，学习成绩优异，高考估计可以上一本线。　　事发后至今，小林的父母仍然无法面对儿子已经离世的事实。“我上周末去接孩子，孩子还主动跟我说这次考试考得不好，我问他考得不好的原因是什么，他说是没休息好，其实题目他都会做，还让我放心，这又不是高考，高考他会考好的。”小林的妈妈鲁女士哭着对记者说，她跟小林说妈妈相信你，不会给你压力的。　　“出事当天，我和孩子还讨论了暑假去哪里旅游，我从学校离开的时候，孩子笑着跟我说‘拜拜’，怎么才两个多小时就出事了。”鲁女士说，孩子成绩不错，性格开朗，平时住校，周末她接回家时一般都是有说有笑的，孩子对学习也很自信，有自己的规划，之前没有发现任何异样。　　事发后，警方走访调查数十名学校师生后了解到，小林在学校与他人关系不错，未发现其在学校内与老师、同学存在矛盾或受到体罚、辱骂、校园欺凌的情况。事后，警方在小林的随身物品中找到一张写给一位女生的纸条，通过技术比对查明系小林本人书写。　　汤小林说，枫林校区建有心理咨询室，配备了2名专职心理老师。初、高中新生入校时，学校会对全体学生进行心理测评，根据测评结果，小林“心理健康状况良好”。　　但警方通过调取小林生前使用过的手机数据发现，去年6月，小林和好友在QQ聊天中写道“天天想着四十九中楼，一跃解千愁”，今年5月，他用QQ号转发给朋友的聊天记录中有自我贬低的言论，表现出自我否定、多虑的情况。一些学生在警方调查中反映小林平时性格相对内向。　　官方通报中称，成都49中学在学生心理关爱方面存在薄弱环节。记者了解到，近年来，中小学生心理问题呈上升趋势，类似此事件的自杀、自残等悲剧时有出现。　　四川大学华西医院心理卫生中心主任医师邓红认为，当前中小学校普遍存在心理健康教育师资队伍总量不足、专业性不强等问题，有些学校虽然开设了心理健康课程，但对青少年心理健康的针对性不强，难以起到实效。家庭、学校、社会各方应引起高度重视，加快补齐中小学心理健康教育“短板”。　　而针对性不强也体现在对这起事件的舆情回应当中。有关人士指出，在此类广受关注的事件当中，过程的披露与结果的通报同样重要。相关部门应正视舆情关切，及时披露更多事实，主动回应，避免由个体事件酿成严重舆情事件。',4,'坠亡是如何发生的？关键监控有无缺失？'),(47,1,'123','\r\n\r\n超强的赚钱效应外加马斯克的站台，让很多普通投资者忍不住了，疯狂加杠杆，想要抓这赚钱的好机会。一、永远不可能被主流国家认可No.1“铸币税”是政府财政的重要来源。铸币税的意思就是：政府印一张100的钞票，成本只要1块钱，剩余的99块钱就成了政府的收入。接受使用虚拟货币就相当于政府主动放弃了铸币税这一重要财政来源。可能吗？目前中国拼命想实现人民币国际化，也就是看中了铸币税背后巨大的利益。No.2在法币时代，货币其实就是政府的债券，它的价值靠的是国家政权的保障。政府必须保证货币的权威性，不会允许虚拟货币这种没有任何国家背书的货币大规模流动的。美元能成为国际货币靠的是美国的霸权，比特币背后有什么能依靠吗？18年央行集中打击虚拟货币平台也是这个缘故。No3并不具备稀缺性有人说虚拟货币具有稀缺性，可以作为贵金属的替代品。首先，虚拟货币可以开发无数种，稀缺性在哪？其次，贵金属具有使用价值，可以作为首饰或工业原料。虚拟货币只是一串代码，你要把代码戴在脖子上吗？二、以周期商品的视角来看待一个商品要想具有周期性一般要求有以下几个特点：1、商品的供应有一定的门槛，商品涨价的本质是供需失衡；2、商品的主体要有超长的产业链，涨起来后确保能有足够多的人参与其中分赃；3、商品的波动性要强。波动性够大赚钱效应就越强，越能吸引资金的流入；4、商品得会讲故事，越能讲故事涨得就越高。比如说锂之类的，未来的需求预估有多么多么爆炸；5、必须要有大资金愿意入驻。就是大家常说的 “庄”。虚拟货币完美匹配上述五大特征。No.1虚拟货币去中心化，无法溯源，使其作为洗钱、黑市交易的不二之选。比特币第一波炒作结束之后，价格后来还能涨不就是因为国际上形形色色的地下军火交易、人口买卖、敲诈勒索找到了即能规避政府监察又相对容易拿到资金等价物的媒介嘛！No.2比特币成为主流的虚拟货币后，由于2100万的算法上限，使其附带上了贵金属的稀缺性逻辑。比特币之类的矿山数量是有限的，挖一个比特币需要较长的时间、耗费较高的能源，短时间很难供应得上。No.3由于社会阶层固化，财富不断向富人阶层集中。新兴阶层想通过虚拟货币构建一个全新的财富分配体系。背后的意义有点像第一次工业革命时工商业者通过贸易和手工制品向统治阶层的财富（土地）发起挑战。据统计，比特币60%—90%的数量都来自于中国，而中国投资者持有的虚拟货币数量只有10%左右，绝大部分都掌握在美国的资本家手中。美国才是虚拟货币背后最大的出资方，这轮暴涨本质上就是靠美联储的超额流动性推动的。No.4虚拟货币一直以全球最新的科技趋势、革命性的支付手段作为宣传，让其具备了讲故事的潜力。所以，应当以周期商品的视角来看待数字货币。\r\n巴菲特曾警告投资者离它们越远越好，这只不过是一次海市蜃楼而已。芒格讲：“我憎恨比特币的成功，我不喜欢这种虚拟货币绑架我们现有的货币体系。”两位大佬的态度十分坚决。虚拟货币本质上就是金融泡沫，从17世纪的郁金香泡沫到18世纪的南海股票泡沫，再到08年的金融衍生品泡沫，尘归尘土归土，终将回归无形。再回到交易层面，作为投资者，你在参与周期股之前肯定得弄清楚它背后的逻辑是什么，最不济你至少知道周期商品是供不应求导致的，还是能提前观察到明显的退出信号的。那虚拟货币的逻辑是什么？有什么数据能提示你要跑了？看宏观流动性吗？80%以上的炒币者都不清楚自己在干什么。你可以去国内炒币人士最活跃的某吧里面看看，全是些没有营养的话语。“我今天节奏没踏好，节奏感不行”“我用5W炒币赚了5千多，3倍做空做少了”等等，就没见到过有人发长文摆事实、讲依据的。不说别的，以接受程度最高的比特币为例，从09年诞生至今，除了挖矿的还能赚点钱，你见过投入全部身家炒比特币还活着的人吗？别看狗狗币最近涨得欢，赚到钱的人不少，迟早得还回去。与其去炒币还不如买几台电脑自己挖矿呢，至少亏不了多少。最后再说几句，数字货币就是高维的资金博弈。说人话就是，一群有钱的庄家开了一场巨大的赌局，人家是左口袋拿出一手筹码把赌局炒地热火朝天，吸引你入局以后，顺手把自己和你的筹码一起装回了右口袋。看不清楚这件事情的人，可以去搜一下，中国第一代股市操盘手都落得什么下场？然后问问自己，你有没有比这些人更聪明。贫富差距的悬殊，不仅仅只是钱多钱少的问题，而是在于贫富阶层对于资本、金钱的认知差距。总有人认为天上能够掉馅饼，勤勤恳恳地工作，然后心甘情愿将自己的血汗钱双手奉送给了庄家，成就了别人一夜暴富，而自己终究只是一无所有。今天写的这些东西，仅代表个人想法，主要目的是提醒大家投资需理性，不要动不动就加杠杆满仓干！谁的钱也不是大风刮来的，用零花钱娱乐娱乐就好了，千万不要丧失理智，这和赌博没什么区别',0,'虚拟货币的风险'),(48,1,'123','真的很冷门的一本书——冷门到豆瓣上只有56个人评价；国内压根就没有出版，我是从国外网站买回来的。但又真的含金量极高——这仅有的56人，给了这本书高达8.8的豆瓣评分；而作者Steve Pavlina，是全球个人成长领域Top级的作者，他自己网站上的文章，有来自世界各地数以亿计的浏览量。这本书，就是《Personal Development for Smart People》。\r\n\r\n如果你能啃完这本书，在面对人生中很多关键选择的时候（职业发展、亲密关系、金钱财富……），视野都一定会变得非常不同。很可惜，目前为止这本书还没有中文版。我是2017年读的这本书，当时觉得此乃神器啊——我甚至在2017年11月12号，给作者发了一封邮件，希望翻译这本书的中文版。但最终由于一些原因，没有实现。我还翻到了当初那封邮件。\r\n\r\n虽然还没有中文版，没关系。这本冷门而又含金量极高、甚至还只有英文版的书，我把其中的核心内容分享给大家。希望这些在迷茫中指引了我的文字，也能给大家带来一些启发。这本书的书名相当鸡汤，直译过来就是——《聪明人的个人成长》。堪称被书名耽误的典范。总之，这本书的核心就是：个人成长。但绝对不鸡汤。现在大家经常讲个人成长，但个人成长到底是怎么一个东西？我读书算吗？健身算吗？工作算吗？我们在生活领域中取得的每一次小改进，都是一次个人成长。正因为这样，我们有时候觉得个人成长是一件有点散乱、不成系统的事情。好像感觉什么都能算个人成长，但又好像从来都没见过真正成体系阐述。但实际上，个人成长是一件系统性的事情，这件事情有它的基本原则。而这本书的厉害之处，就是用一个理工男的思维方式，给「个人成长」这件事搭建了一个「完整系统」：这个系统由「7条原则」组成，每条原则之间相互关联、又能两两组合，形成一套完整的个人成长指南\r\n\r\n我挑出自己最受启发的三条（真实，能量，勇气），把最核心内容介绍给大家。每条原则都分为「定义」、「主要方面」、「阻碍」和「方法」四个基础部分。一、【真实】1、定义如果你不承认现在的工作不适合你，那又怎么找到让自己真正满意的工作？如果你不承认现在的感情关系让你感到空虚和孤独，那又怎么改善自己的感情状态？如果你不承认现在的生活习惯是不健康的，那又怎么养成更有利于身体健康的习惯？如果你不承认有问题，那又怎么解决问题？很多人不明白，个人成长应该从哪里开始呢？答案是：从面对现实开始。这就是「个人成长」的第一个基础原则：真实。个人成长，首先必须是真实的成长。当你否认自己的问题时，你就远离了“真实”这一个基本原则。2、主要方面每一项基本原则，都有一些主要方面。我选择其中一个最典型的介绍给大家。如果想获得真实的个人成长，首先，就要觉察自己真实的处境。Steve在书中举了一个经典的例子：如果你固执地不想承认自己正站在点A，那就永远没法从点A走到想要的点B。你否认A，抗拒A，拒绝接受A，这些只会让你停留在A。你想要达到某个目标，但暂时还不知道该怎么做，这是可以的。什么是不可以的？是你跟自己说谎，假装现在的一切都很完美，但你心底里知道其实并非如此。我自己在18年决定从华为裸辞、进行职业转换的时候，对这一点深有感触。如果我想找到一份更让自己满意的工作，第一步是什么？是承认自己当前的工作不够满意。我见过很多人，从每天工作的状态上很容易看出他们有多不开心，有多不喜欢这份工作，有多么上班像上坟。但如果你问他们：对你来说，现在的职业道路是不是一个正确的选择？他们会说：我觉得还不错呀/现在的收入挺高呀/我大多数同学都没有我赚得多呀/这个公司是个好平台呀/我能做很多大项目呀……但我问的是：对你来说，现在的职业道路是不是一个正确的选择？3、阻碍次要收益每当我们做出一个选择，一定是因为能从中得到某些“收益”（或者叫“好处”）。当我们面对真实的问题，却选择用“逃避”来应对时，一定是因为我们能从“逃避”这种行为中得到某种收益，而这种收益就叫做“次要收益”，这正是“真实”原则的一大阻碍。为什么叫“次要收益”？因为我们原本应该做的，是面对真实的问题，去做出改变进而解决，这才是我们能获得的最主要收益。我们往往倾向于选择“次要收益”，逃避真实问题，于是也就偏离了“真实”的原则。你知道自己的身材不够好身体不够健康，却选择继续胡吃海喝，为什么？因为胡吃海喝可以带来快感，也就是“次要收益”。你可能还要为自己辩解一句：人生短暂，为什么不能怎么开心怎么来呢？你们为什么要“折磨”自己呢？你知道当前的职业道路是一条死胡同，却选择继续待着不动，为什么？因为可以暂时“稳定”，可以感觉某种“安全”，可以不用面对职业转换的挑战，可以不用在战略上勤奋……这也就是“次要收益”。你可能还要为自己辩解一句：其实所有工作都差不多啊，我觉得现在也挺好的，至少能赚到钱。但事实并非如此。4、怎样才能让自己更接近“真实”？每个基础原则的最后，Steve都列举了几个改进方法。在“真实”这一章，有一个经典方法：自我评估。把你生活中主要的方面列出来，给每一项打一个分（从1到10），比如：生活习惯职业财务状况心理状态社交/感情关系家庭性格人生目标……我曾经用这种方法评估了自己生活的主要方面，很明显，你可以发现到底哪一部分是让自己最不满意的。然后，去改变它。二、【能量】1、定义能量，指的是这样一种力量：你能够清醒自主地创造周围世界。当你的能量虚弱时，你无法有效地满足自身需求，获取自己渴望的事物，于是你变成周遭环境的受害者；而当你的能量强大时，你可以创造自主选择的生活，而周围环境只是你自主选择结果的反映。如果你很好地发展了自身能量，你会发现，自己能够更容易地达成人生中的目标。相反，如果你是一个缺乏能量的人，那人生就会是相反的体现——体现在所有你需求和渴望的事情上。有一些信仰体系教育人们，不要有那么强的能量，要“温和”一些，这才是应该去追求的品格状态。但这基本是胡说八道。实际上，一个人缺乏能量没什么高尚可言，也没什么智慧可言；缺乏能量只是被内心深处的恐惧、否定、低自我价值所误导的结果。如果你想要清醒自主的生活，那就要学会运用自己的能量。2、主要方面书中写了“能量”的六个主要方面，这里给大家介绍其中“欲望”这一条。欲望，是能量的动力来源。人生的一个美好之处，就是作为人，我们能够通过发挥自己的能量，努力获得自己想要的生活。你想要什么？你痴迷什么？你无比渴望得到什么，即使自己觉得都不太可能？请允许自己拥有梦想。给自己一些时间去发掘内心真实的欲望，哪怕它看起来是多么的不切实际、没有可能，都没关系。你想要达到某个目标，但暂时看起来希望渺茫，这是完全可以的。什么是不可以的？是你跟自己说谎，假装自己想要的东西其实无所谓。永远不要否认自己真正想要的东西，否则你就违背了个人成长的所有基础原则。你违背了“真实”原则，因为你在对自己说谎；你违背了“爱”原则，因为切断了和真实自我的连接；你违背了“能量”原则，因为你放弃了自我能量的动力来源——你真实的欲望。Steve在书中写道：“大多数人一生都未曾触摸过自己真实的欲望。他们让别人决定他们应该做什么，他们认为自己只能得到这些，然后安于这些。他们相信了社会教条教给他们的无稽之谈，相信生活的意义就是几十年做一份缺乏意义的工作，生活就是让自己陷入债务，生活就是让自己沉迷在没有意义的娱乐活动里。他们结婚了，生孩子了，贫穷地退休，最后悄无声息地死去。结果呢？他们一直生活在绝望的阴影中，一直都没有力量，也一直都不曾真正快乐过。”别屈服于那些虚假的欲望。只有真实的欲望，才能召唤真正的能量。3、阻碍1）胆怯“胆怯”是一种思维模式：你认为自己太弱了，太渺小了，所以不配拥有真正强大的能量。你不就是芸芸众生之一吗，说什么“过充满意义的人生”？你只是地球上几十亿人里微不足道的一个而已。要命的是，这种信念也会成为自证预言。正是胆怯，让你选择在人生中追求那些根本无法真正让你心动的目标；而实际上，那全是些鸡零狗碎，毫无意义。于是，你做着自己都觉得没意义的工作，住在一个自己不喜欢的地方，停留在一段削弱彼此能量的感情关系里——和同样缺乏能量、只把对方当作一个温暖肉体依靠的另一个人。你的真实自我在内心中挣扎，但你假装听不见这声音，然后让自己沉迷在生活中没意义的消遣娱乐里。但是，你到这个世上走一遭，真的不是为了把一生浪费在那些鸡毛蒜皮上的。你应该醒一醒，好好看看自己，承认事实吧：这都是些垃圾，我完全能做得更好！去倾听你内心强有力的声音。2）懦弱懦弱，就是你用自己的能量去喂养内心的恐惧，而不是希望；你在创造自己不想要的，而不是自己真正想要的。当你担心遵循“能量”原则会给自己带来很多问题，屈服于对失败的恐惧时，懦弱就显现了。真相是：有时候，你确实会失败。但又如何呢？是做一个充满能量的人，去迎接失败，去经历挫折最终成长，还是一辈子唯唯诺诺，因为害怕失败而一次都没有真正尝试过？人生当然有不同选择，只是我称后者为懦弱。4、怎样打造自己的能量？和肌肉一模一样，能量的削弱源于缺乏使用；所以相反，能量增长的关键是你要使用它。每个人或多或少都具备一点能量。但终其一生，不是每个人都能达到相同的能量水平。这里分享书中的一种方法：渐进式训练一个提升个人能量的好方法，就是“渐进式训练”：逐步让自己接受越来越大的挑战。在健身训练肌肉时，你举起自己能承受的极限重量，然后休息，逐渐能够举起更大的重量。同样的道理，你可以让自己迎接能力范围内的挑战，但不断逼近自己的极限。对这一点我自己深有感触。当初在华为时，我觉得辞职就是一个巨大的挑战。我有无数种恐惧，害怕找不到更好的工作，害怕拿不到现在的收入，害怕别人的眼光……后来面对感情关系，也是一样。但是，这些人生中的关键选择，如果你从来都没有真正鼓足勇气跨出过一步，那你一辈子都不会知道“勇气”到底是什么。而当我做出过这些“艰难选择”后，再来看人生中的很多选择，就觉得其实根本没那么可怕。其实这就是个人能量的提升。也许你的起点很低，早上按时起床对你来说已经是巨大的挑战了。没关系，那就从早起一点点开始。慢慢的，你发现自己能够早起了；之后可以健康饮食了；之后是健身；之后是戒除不良嗜好……在这个过程中，你就是在变成越来越有能量的人。当你变得越来越有能量，总有一天，你就可以去从容面对人生中那些大的挑战了，比如去追求自己理想的职业，去建立自己理想的感情关系。这就是渐进式训练。三、【勇气】1、定义勇气，由“爱”和“能量”两条基础原则组合而成，而其中能量原则可能体现得更明显一些。当我们提及勇气，想到的往往是去做一些勇敢的事——这正是个人能量的一种体现。但是，爱的原则同样是很重要的方面。还记得之前对“爱”这一基础原则的定义吗？爱，就是和你内心真正想要的事物建立连接。而爱正是勇气背后的动力。当你想要做一个选择，预计长远会带来积极的影响，但短期内要付出代价——这，就是需要勇气出现的时刻。当你想要结束一段无法让内心满足的感情关系时，当你想辞去一份毫无热情的工作时，当你决定改变自己走样的身材时，这些事情从长远来看都很棒，但问题是：这些选择都需要你面对短期的痛苦，困难，舒适区外的挑战。勇气，就是你个人能量的外在表现；正是因为拥有必要的勇气，你才能够突破短期的困难，去追求长远的目标。那如果缺乏勇气呢？当缺乏勇气时，你会习惯性地选择表面看起来“安全”的事情，而不是采取真正利于长远的行动。保持在一段不满的感情关系中，但你内心已经死去；继续做一份“稳定”的工作，但你压根看不到意义；随着生活的大流往前走，从不掌控船的方向——这就是缺乏勇气的生活方式。2、主要方面勇气有四个主要方面，这里介绍其中一条：直截了当。人们常常拐弯抹角、非得绕远路去追求自己的目标，为什么呢？因为这样“被拒绝的风险更小”。举个例子：人们常常通过社交网络去发出一些“试探信号”，这样提前判断一下自己的要求是否会被拒绝。如果我销售这件商品会怎么样呢？如果我提出想要晋升会怎么样呢？如果我提出约会邀请会怎么样呢？他们只敢“试探”一点点——这样做的思路是：如果接收到消极的反馈，那就能提前避免被拒绝；如果收到积极的反馈，那采取行动的“风险”就小一些。乍一看，这种做法是挺合理的。但这样做只有一个问题：很蠢。对于获取人生中真正想要的那些目标，这是一个很蠢的做法。这种做法太弱了，这种做法太不真诚了，这种做法太刻意了。那些总是想办法“避免拒绝”的人，长期来看只是削弱了他们自己的勇气。他们花了太多时间和精力去绕弯子，但与此同时，真正的机会已经从他们指尖滑走。而所有这些都可以避免，只需要你有那么几秒钟的勇敢行动就好了。如果你渴望一件东西，那就去要。接受可能被拒绝的风险，但无论如何，唤起自己的勇气，去采取行动。如果被拒绝了，那你也能活得好好的，你将通过被拒绝的经历而获得成长，变得更强；如果你没被拒绝呢？那你已然用最快最简单的方式得到了自己所爱。当你勇于面对被拒绝的风险时，要么你得到了自己想要的，要么你锻炼了自己的勇气。无论如何，你都会有所收获。“过于直接”会产生负面作用，所以我们不是要烦人地去push，去变得很激进，等等。我们需要做的，是足够真实，开放，坦诚。如果对方并没有积极地回应，你至少清楚地知道自己该停下来了。你需要做的就是坚持真实原则，其他不可控因素就随它去。最终得到一个真诚而清楚的拒绝，总好过一个模糊不清的搪塞。当你提出自己的需求时，足够开放地分享你真实的想法和感受，这样对方就更容易给你一个真诚的回答。4、怎样打造勇气？书中提出一个有意思的方法：先答应再说。建立勇气的一个简单方法：有些事情真正做起来需要付出很多努力；但用一秒钟“答应”一声，这个动作并不需要耗费多少勇气。先答应再说。Steve在这里举了个例子。“在刚加入Toastmaster演讲俱乐部时，我决定参加其中的幽默演讲比赛。实际上，当大家问我想不想参加时，我并不需要多大勇气来说出一句‘行，我加入’。而当比赛日临近的时候，我开始真正犯难了——我当初怎么答应了这个事呢？但没办法，我已经答应了，所以只能尽全力去做好。比赛的过程是辛苦的，但也倒逼着我在很短的时间里达到了很多人一年才能达到的水平。在比赛结束以后，我已经变成了一个更加自信、更有勇气的演讲者。”话说回来，也许是受Steve启发，我发现自己现在也经常这么干。比如公司让我去做面对上百人的分享，其实我心里很没底，但管他呢先答应再说；离开华为，从深圳到北京，在完全陌生的城市开始一份完全陌生的工作，能不能做成真是没谱，但管他呢反正先告诉全世界我要开干了……管他呢，先答应了再说。很多事情，鼓足勇气先说出去，然后再倒逼自己完成。而你会发现，事情往往都没有你想象得那么可怕。这就是勇气。',0,'一本可以改变你人生的书籍'),(49,1,'123','\r\n\r\n百度“秃子悖论”就有答案。直接搬运如下：秃子悖论认为：如果一个有X根头发的人被称为秃子，那么，有X + 1根头发的人也是秃子。所以，(X + 1) + 1根头发的还是秃子。以此类推，无论你有几根头发都是秃子。显然，这个结论是错的。当一个结论是错的时候，其推理或是至少一个前提是错的。那么，错在哪里?分析如下：这种错误其实并不容易被清楚的点出来。因为，这是一种结构误植所造成的错误。简单的说，一个词汇的习惯用法被不当的放在另一个不同的结构中。在我们的日常生活中，我们判定一个人是秃子与否不是用确定的头发数量衡量，而是一种大致上的感觉。所以，秃子这个概念的结构不同于那种可以被清楚量化的概念的结构。所以，当我们要用一根一根去计较一个人是否是秃子时，就会产生问题。你可以责怪秃子的概念不够科学，你也可以责怪科学不适用于这类的概念。并不是所有的概念都可以被科学清楚的定义，日常生活概念的结构不同于科学概念的结构。但是这类问题不太容易被清楚点出来，因为我们很少去注意所谓的概念结构。关于秃子悖论，有人说，我们可以一般人平均具有的5000根头发为界，规定以下为秃子，以上为不秃。如果这样规定，那么，4999根算不算秃？有5000 根头发的她或他，在梳妆打扮时，梳落了一根，是否当即成为一名“秃子”呢？显然太荒唐！究竟如何解决呢？模糊数学即模糊集合论，是美国控制论专家扎德((Lotfi A. Zadeh))于1965年创立的，其关键概念是“隶属度”，即一个元素隶属于一个集合的程度。数学家们规定，当一个元素完全属于一个集合时，隶属度为 1，反之为0；当一个元素在某种程度上属于一个集合时，它的隶属度为0~1之间的某个值（这种取值范围类似概率）。那么，对于秃头悖论，我们可以约定，稀稀落落的500根头发以下者为完全秃头，它对于{秃子}这个集合的隶属度为1，而像孟某这样5000根以上的头发茂密者为完全不秃头，他对于{秃子}集合的隶属度为0。这样，501-4999根头发者就在某种程度上属于{秃子}集合。如501根者，隶属度为0.998，而4999根者，隶属度为 0.002。这就是说，501～49999根者对于{秃子}集合是一种“既属于又不属于”的状态。这样，应用模糊数学，我们很好地解决了秃子悖论。',0,'秃子悖论'),(50,2,'222','\r\n\r\n1、提升人生阅历2、修炼人际关系3、改变交际圈子4、提高工资待遇5、改善家庭环境没有学历在这个现实社会寸步难行、很多人会说我谁谁谁身边的人、初中毕业或中专毕业挣了大钱、或社会待遇高。说什么念完书后还不是给这些初中生打工、但是初中生真正发展起来的有多少个？下海经商的有的是、最后成就了几个人？请记住、这是小概率事件、这不是改开、下海经商的时代、说付辛苦能有大回报、时代不同、过去是房地产市场、现在是互联网市场、转变不了只能被淘汰。现在虽然本科毕业生占总人口的百分之五、感觉满大街都是本科生、要求起点高的时候、你所从事的普遍是脑力工作、但是起码你不用特别付辛苦、大厦门口的保安都要求高中学历、你有什么理由不努力学习？很多人不懂什么是体力工作、压根不明白体力工作者是怎样的辛苦、凌晨五六点开工、晚上九十点下班、搬砖、工厂、这些都非常劳累、体验过就知道异常辛苦、夏天外面顶着烈日、冬天外面顶着寒冷。很多人觉得工地干活工资高啊、一个月一两万、不比刚毕业的大学生开两三千工资高多了？【普通城市、非一线城市待遇】实际上体力工作都是消耗生命赚钱、最后老了身体不行了、腰不能直、背不能弯。一身毛病不说、下雨阴天还骨痛寒冷。近朱者赤近墨者黑、同样起点高的人交际圈就不一样、你见过有几个清华毕业生跟大专生混在一起的？肯定是有、但是没几个、因为这是特例而不是普遍、普遍是985、211的毕业都进大公司或国企、还有考研出国继续深造、以换取未来更大的机遇、而普通甚至二三本的毕业生想努力只能参加考研、或者考公务员。不是说针对学历低而感觉瞧不起人、想想一下、你买菜为什么挑好的买而不是把蔫菜也一起买回家？同样招收毕业生、不招985211、招大专生？公司傻么？还是开慈善堂的？你只有不断的提升自己资本、才能获得更好的待遇、在搞对象也是一样、也没人外貌又没人家庭背景、你还不努力你是准备当一名职业陪跑员么？马云都自学五门博士为了让简历好看、你不学习就准备从全世界路过？',0,'读书的意义'),(51,5,'杨栩','\r\n因为手机计算器（大部分情况下的默认计算器），都按照a+b%=a+a*b%或a*(1+b%)计算。至于为什么要这样设计，是因为这会给众多歪果仁带来方便。说实话，我家里的那个计算器的%键好久没用了，要算100元打八折，直接摁100*0.8……但老外们不习惯这样做啦（中国的同志们自带换算），来看看下面几个题：300块钱的餐饮费，10%的小费，一共需要多少钱？2868块钱的iPad，20% off，实际付款多少钱？对于第一个，我们习惯直接300+300*0.1。对于第二个，我们习惯直接2868-2868*0.2。当然，也有更直接的方法，譬如300*1.1。但因为历史原因（初代计算器不支持多次输入，也就是说每次只能输入一次加减乘除），生活中又会出现大量类似上面这样的问题。为了提高效率，老外们就把300+300*10%，简化成了300+10%，直接得出330，类似的，2868-20%=2294.4。你猜怎么着？工作效率大大提升，针不戳！后来就传到了国内，国内的大多数手机计算器都保留了这个传统。当你输入50%+50%的时候，手机先会把前面一个50%转化成0.5（因为它的前面没有数了，于是就默认转成小数，a%=a/100），后一个就理解为「加上前一个数的50%」，于是50%+50%=50%+50%*50%=50%+25%=75%=0.75。',0,'为什么手机计算器上50%+50%=0.75?'),(52,5,'杨栩','\r\n\r\n虽然人口普查本身就是一项人口数据的标杆并能为政策的制定提供依据，但他并不是永远正确的。1953、1964、1982和1990年的前四次人口普查可以说是中国统计工作的几块丰碑。在统计技术落后、经费有限的情况下，中国的前四次人口普查获得了极高的准确性。但在第五次人口普查时，问题出现了。“五普”数据显示，2000年的1岁人口为1150万人，当年生育率为1.22。（http://www.stats.gov.cn/tjsj/pcsj/rkpc/5rp/html/t0301.htm） 1150万这个数字对教育部门来说是一个不错的消息，这说明他们在2005年将不会碰到太大的入学困难，毕竟比他们早入学的几个年龄段人口都在1400至1500万人左右。如此，义务教育覆盖率这一指标的完成似乎是没有困难了。而对于计划生育部门来说，这个数字造成的后果则有一些复杂。幼儿数量下降如此之快，似乎说明计划生育工作完成得特别好，但极低的生育水平也预示着计划生育工作目标和机构职能可能会出现变化——正所谓鸟尽弓藏，兔死狗烹。为了证明自己存在的意义依然重大，防止被藏被烹，计生委始终没有接受人口普查报告的幼儿数量，并且在几乎所有场合都提出了1.8这个数字作为当年的真实生育率。 　　人们在数年后才意识到第五次人口普查的严重错误。2005年，中国的普通小学招生数达到1671万人，比普查数字高出一半（http://www.stats.gov.cn/tjsj/ndsj/2006/html/U2121c.htm）——在计划生育的高压下，大量家庭选择藏匿超生的幼儿。如果教育部真的按照1150万人口来安排2005年的小学招生资源，那后果可以说是不堪设想。另一方面，这个数字的差别也说明中国的生育率并没有第五次人口普查所报告的1.22那么低，对于计生委来说，这个消息不知是让他们失望，还是松了一口气。本次普查中0-14岁人口和历年公报的数字不一致，事实上也可以在近几年的教育统计公报中发现端倪。比如2013年统计公报出生人口为1640万人[3]，到了2019年教育统计公报，小学一年级在学人口却有1869万人[4]，足足多了229万。我们将每年统计公报的出生的人口与6年后的教育统计公报放在一起，可以得到下图（2010年统计公报没有出生数字）：\r\n从上表可以算出，2006到2013年出生的人口，根据统计公报计算总和为11280万人，但根据教育统计，这个年龄段的总入学人口却高达12322万人，后者比前者足足高出9.2%，且两者差异较为稳定。根据灰色折线——教育入学人口统计与统计公报出生人口之比——可以看到，除了2008年之外，其他年份均在1.1左右，近年来还有上升趋势。上面我们已经发现，统计公报的历年出生人口数字要比6年后的教育统计小学入学数字更低，那么普查分年龄人口和教育统计数据之间存在什么关系呢？第七次人口普查的分年龄数据尚未发布，我们用六人普的数据看一看。若是只看2010年第六次人口普查分年龄人口与2010年教育统计公报，我们可以发现，普查人口同样低于教育部人口，但偏低比例逐渐降低：\r\n\r\n将上面两张图的结论放在一起，可以发现：1，历年统计公报都偏低教育统计人口，且每年偏低比例较为稳定。2，普查分年龄人口也偏低教育人口，且年龄越大，偏低比例越小。以上两个因素合并在一起，当两者的漏报率相对某一基准（在这里的基准是小学一年级入学人口）的变化达到下图情况时，就会出现0-14岁人口高于历年统计公报出生人口的情况了。\r\n低龄人口调查是一件非常困难的事，年龄越低，越有可能漏报，近几次普查都没有解决这个问题。因此，0-14岁人口的普查登记数之和高于统计公报出生数之和，是在非普查年份抽样手段与普查手段不断变化时出现的特殊情况。但目前这两个数字都还低于教育统计入学人口。等十年后的教育统计数字出来，这批人的总数应当还会继续提高。2，七人普初步汇总的结果显示，2020年我国出生人口为1200万人。在数据发布会的最后一个问题中，宁吉喆局长透露了这个数字，「七人普初步汇总的结果显示，2020年我国出生人口为1200万人」。与之前的年份相比，2020出生人口有较大下降，特别是比2019年的1465万人下降了265万人。是什么导致了这么大的变化？首先需要注意到一点：通过七人普初步汇总得到的1200万，并不是在2020年出生的人口。人口普查的标准时间是2020年11月1日，而普查中也没有诸如「是否怀孕、预产期哪天」之类的问题。因此，2020年11月和12月的出生人口，是没法通过七人普数据汇总得到的。实际上，1200万出生人口，是普查中汇总得到的2019年11月1日到2020年10月31日之间出生的人口，与2010年第六次人口普查的表格1-12口径一致[6] 如果不考虑当年出生后在1岁内死亡，那么这个数字口径则与2010年第六次人口普查表3-1的1379万[1]0岁人口一致。但我们前面也提到了，人口普查的分年龄人口数字，尤其是低龄人口数字，与公安部户籍登记人口、统计公报出生人口或在院分娩数的的口径都是不一致的。在2010年时，第六次人口普查公布的0岁人口数字为1383万（不考虑出生12个月内死亡）或者1379万（扣除出生12个月内死亡），这个数字低于2009与2011年的统计公报出生人口（分别是1615与1604万），低于2015年的学龄前在学5岁人口（1642万[7]），也低于2016年的小学一年级人口（1753万[8]），且都有较大差距。因此，正如六人普的0岁人口无法与2009和2011年的统计公报出生人口对比一样，七人普数据发布会上公布的出生1200万，与统计公报公布的出生人口不属同一口径，同样是无法与2019年公报简单对比，得出「出生人口减少265万」这样的判断的。3，七人普数据表明，2020年我国育龄妇女总和生育率为1.3，已经处于较低水平……根据国家统计局的有关调查，我国育龄妇女的生育意愿子女数为1.8，只要做好相应的支持措施，实际存在的生育潜力就能发挥出来。本次发布会上首次透露了总和生育率与意愿生育率，并提到了只要做好支持措施，实际存在的生育潜力就能发挥出来。\r\n\r\n上图列出了日本最近8次生育意愿和行为调查的结果，其中最高的柱是夫妇俩的「理想子女数目」，中间的柱是「打算要生育的子女数目」，而最低的斜纹柱是「现有子女数目」。不难发现，日本也有类似的现象，即「理想子女数」（不考虑政策和经济限制，最理想的家庭规模）大于「打算生育的子女数」（考虑政策和经济限制，希望生育的子女数量），又大于「实际生育数」。从理想到实际，其差距稳定在30%，这个差距，和江苏省的调查较为接近。因此，假如我们要预测放松计划生育后的生育情况，一个最简单的方法是询问新婚夫妇的理想子女数量，然后直接乘以70%。\r\n\r\n上图来自2010年中国综合社会调查，为全国平均数据。横轴表示结婚了多少年，也从另一方面可以反映被访者的年龄。纵轴在问卷中的对应问题是：如果没有政策限制的话，您希望有几个孩子？这个问题实际上度量的是被访者的「理想子女数」，也就是生育水平的「上限」。从中可以看出，中国年轻家庭的理想子女数量，已经低于1.7。即使我们把范围限制在农村且户主学历在初中以下家庭，理想的孩子数量也没有发生多大差别。这说明，即使在农村，中国传统的「多子多福」思想也已经被打破了。上图中可以算出的「理想子女数」是1.7，而本次发布会上公布的意愿生育率是1.8。从理想子女数再乘以70%，可算出实际生育率在这种模式下应该等于1.26。而发布会公布了中国目前的实际生育率1.3。1.3>1.26这么一对比就能发现，对比意愿生育水平、理想子女个数，中国目前的实际生育率，算是超常发挥了，根本就没有挖潜空间。除非有超常规措施，否则生育率绝无可能上升。4，平均每个家庭户的人口为2.62人，比2010年的3.10人减少0.48人。家庭户规模继续缩小，主要是受我国人口流动日趋频繁和住房条件改善年轻人婚后独立居住等因素的影响。2000年第五次人口普查我国有家庭户34837万，平均每户3.44人[9]。2010年第六次人口普查我国有家庭户40152万，平均每户3.1人[10]。2020年第七次人口普查我国有家庭户49416万，平均每户2.62人。可以算出，在本世纪第一个十年增加的家庭户为5315万，第二个十年增加了9264万。对比结婚对数，本世纪第一个十年结婚累计有9188万对，而第二个十年增加了11892万对。不考虑未婚独居户、离婚与家庭消亡，粗略计算，2001-2010的结婚人口，58%到了新的居所成立了新的家庭，剩下42%仍然与父母同住。而2011-2020的结婚人口有78%成立了新的家庭，只有22%与父母同住。新家庭的出现，逐渐从出芽繁殖变成分裂繁殖，新的核心家庭越来越快速地脱离母体而存在。\r\n\r\n家庭模式的改变是本次普查的最重要数据之一。他首先与年轻人口的生育相关，这方面已经有不少研究。比如封进等在《退休年龄制度的代际影响——基于子代生育时间选择的研究》中发现：父代在超过退休年龄之后与之前相比，子代生育概率显著提高大约6—9个百分点，说明子代会根据父代退休时间规划生育时间，以缓解生育和工作的矛盾。本文进一步发现父代超过退休年龄之后,提供的隔代照料时间明显增加，而且父代超过退休年龄对子代生育的效应在低教育程度父代群体中、工资收入较高的子代群体中和在社会托幼成本较高的地区中体现得更为明显,效应也更大。意思是说，退休后的父母可以为子女提供照料，进而促进年轻人生育。但从七普数据看，同住的比例进一步减少所致以及核心家庭模式的进一步改变，分开了父母与子女，不仅改变了年轻人的生存模式，减弱了退休父母对子女生育的照料，也使老年人口核心家庭成为新的课题——成为独立家庭的老年人应当怎么办？5，老年人口质量不断提高。60岁及以上人口中，拥有高中及以上文化程度的有3669万人，比2010年增加了2085万人；高中及以上文化程度的人口比重为13.90%，比十年前提高了4.98个百分点……而且，在我国60岁及以上人口中，60-69岁的低龄老年人口占55.83%，这些低龄老年人大多具有知识、经验、技能的优势，身体状况还可以，发挥余热和作用的潜力较大。这段文字是本次普查的最大创新点，但却少有人提到。之前的老年人口数据主要关注老年健康，老年失能，鳏寡独居之类的问题。老年人口质量、低龄老人，都是新词，在之前的各类政府报告中是很少出现的。尤其是「老年人口质量」一词，老年人在这里不是传统报告中的被照顾的对象，而是需要研究教育、经验、技能的劳动要素，这种提法可以说是第七次人口普查公报的首创。这意味着什么？用8年前我自己的一个回答来给出答案吧。说了那么多，就想表达一点：如果说中国社保是一个病歪歪的老头子，那么推迟退休年龄就是一剂触手可得价格便宜药到病除人人都用的方子。与之对比的是，其他的药方要么太贵，要么就是安慰剂，要么要跑上半天人快死了才能买到。在这种情况下，即使反对声音再强，政策制定者也很难抗拒延迟退休年龄的诱惑。时间关系，就写这五点。其实其他的一些数据，比如东北地区的人口流出和广东的流入；出生性别比从118.06下降到111.3等，都有很多可写之处，会抽时间慢慢再写。想必大家也能注意到，这个答案里面引用的很多数据和观点，都是我自己的回答，而且是6、7、8年前的文字了。该说的话，早已说尽了。所以这几年每每看到人口相关的数字和很多讨论，脑子里常常就是一句话：Told you!但转念一想，说过又能怎么样？什么都改变不了啊。于是再无奈地回答自己一句话：So what？\r\n\r\n',1,'第七次全国人口普查数据：中国总人口超 14.1 亿，10 年来保持低速增长，还有哪些信息值得关注？'),(53,2,'222','我小的时候心肠可硬了，听歌、读书、看电影，从来没哭过，觉得自己是真的男子汉，有泪不轻弹。从小，就被各种教育或者熏陶，说国旗是烈士们的鲜血染成的，说我们的今天都是昨天的人牺牲换来的，那时候我也就听听，不走心，左耳朵进去又耳朵出来，毕竟这些故事离我们太远了。也读过很多世界名著，根本不知道好在哪儿？ 《雾都孤儿》、《悲惨世界》、《童年》《我的大学》，统统当交作业似的就读完了，什么时代背景和作者要表达的中心思想，跟我有一毛钱关系吗？怎么会有人伟大到为了理想和他人的幸福去献身嘛，纯扯淡。长大后就更没工夫关心这些了，生活艰难，学业压力重，没钱，没时间，面对理想的前路迷茫，我以为在社会上的摸爬滚打只会将我的内心磨练的更坚强，想哭更不可能了。我错了，那年我在法国留学，《悲惨世界》上映，我和朋友去电影院一起看。这首歌响起，我都不知道感动在哪儿，眼泪就跟断了线的珠子似的吐露吐露掉，这是我这辈子第一次在电影院里哭出声。当时我想到的是另一部国产电影《十月围城》里的那句台词：我一闭上眼睛，就看到中国的明天。我到现在都说不好是为什么。可能成长，并不是内心变得更硬，而是变得更柔软吧。凡事有了第一次，就又第二次，我发现打那天之后我总是会莫名奇妙的哭出来。再有一次，大概是我在非洲做援助建设的第二年吧，那时候我已经在国外生活了将近5年了，有一次在朋友圈看到朋友发的一个视频，可能挺多人都记得，是台湾的著名学者龙应台在香港大学做演讲，台下齐声合唱《我的祖国》。简直泪崩，越哭越想看，越看越想哭。当时一边抹眼泪还一边自嘲：要是让小时候的自己看到我现在的样子，估计会被耻笑吧。哼，小时候的“我”懂个锤子。还有这一首，也是电影院里，不过好在不是我一个人在哭，大家各哭各的。泪点低的别看到最后，请在两辆车分道扬镳之前关闭视频。不得不说See you again这首歌太厉害了，歌词和旋律完美的抓住人的情绪。我不是《速度与激情》的粉丝，我也不是保罗的粉丝，我哭，不是因为电影。\r\n',2,'什么音乐歌曲你听着听着就哭了？'),(54,2,'222','国内的音乐服务发展至今，现在可谓是三家独大：网易云音乐、QQ 音乐、虾米音乐，各位可能都一一体验过，再「小众」一点还有：Apple Music、Spotify、Amazon Music、Play Music……这些音乐服务都各有出彩之处，但都不够完美。\r\n\r\n这期的一派少数派编辑和作者们讨论了围绕着 「为什么你现在还在用 XX 音乐服务」 这个话题进行了一次讨论。同时，我们也想听听你们的分享，欢迎根据这几个问题在评论区分享你的看法：\r\n\r\n你在用什么音乐服务？\r\n你觉得这个音乐服务最吸引你的功能是什么？\r\n如果这个功能没有了，你还会继续使用这个音乐服务吗？\r\n看看少数派编辑和作者怎么说？\r\nOscar Liu：\r\n\r\n你在用什么音乐服务？\r\n\r\n我是 Spotify 港区用户。\r\n\r\n你觉得这个音乐服务最吸引你的功能是什么？\r\n\r\n我主要喜欢 Spotify 的 Mood 歌单，再加上我喜欢听爵士乐，感觉国内这些服务在比较冷门的音乐类型的支持上做的不是特别好，例如爵士乐是一个大门类，但国内除了虾米就不会继续细分了，但其实爵士乐各个风格相差很大，所以如果只有「爵士乐」这个标签是远远不够的。\r\n\r\nTree li：\r\n\r\n你在用什么音乐服务？\r\n\r\n在用 Spotify。\r\n\r\n你觉得这个音乐服务最吸引你的功能是什么？\r\n\r\n在国内版权分裂得非常严重的现在，我觉得 Spotify 可以很完美地解决我小众的听歌需求，我想听的歌在 Spotify 都可以找到。\r\n\r\nSpotify 挖掘新歌的方式太丰富了，非常适合我这种喜新厌旧的人。Spotify 的每周新发现歌单、歌曲电台、歌手电台总能给我推荐不少之前没听过，恰好又是我会喜欢的音乐风格。在用虾米时，我听最多的是私人电台，但私人电台的曲库好像永远都只有那几位歌手、那几首歌，从来没有像 Spotify 那样会给人意想不到的惊喜。\r\n\r\n这里有一个个人使用音乐服务的小习惯。每当我要换音乐服务时，我都不会把之前音乐服务的歌单导出来再导入新的音乐服务中。我会完全从零开始，这样能挖掘到不少之前没听过的新风格、新歌手，也可以更好地调教音乐电台，不然换了一个音乐服务还是听八百年前一直在听的歌得多无聊呢。\r\n\r\n文刀漢三：\r\n\r\n你在用什么音乐服务？\r\n\r\n我 Apple Music 订阅的是家庭版，主要是家人在用。\r\n\r\n你觉得这个音乐服务最吸引你的功能是什么？\r\n\r\n平时一些新的专辑在 Apple Music 上线都比较快，另外国区也比较便宜，因此挺满意。\r\n\r\n我自己则主要使用 Spotify，因为我最近开始在听一些嘻哈歌曲，但不知道为什么，国区 Apple Music 里往往只有 Clean（无脏话）版，而没有 Explicit（有脏话）版。\r\n\r\nClean 版具体听起来就是遇到脏话时，人声自动消音，伴奏还有。这在脏话频繁出现的嘻哈歌曲里是完全不能接受的。我甚至听了一个多月 Clean 版《Starboy》后才知道，原来副歌部分奇怪的断句方式不是故意的 。\r\n\r\n具体的原因我不清楚，但我感觉可能不是国内审查的原因，因为并不是所有的歌曲都没有 Explicit 版，而是部分有部分没有，这就很奇怪。\r\n\r\n❄️ Snow：\r\n\r\n你在用什么音乐服务？\r\n\r\nSpotify + Apple Music + QQ 音乐\r\n\r\n你觉得这个音乐服务最吸引你的功能是什么？\r\n\r\nSpotify：除国语音乐外曲库十分丰富，音乐智能连播让它可以作为一款极具针对性的电台应用，但同时又能满足点播的需求。推荐的音乐更贴合个人喜好，深色 UI 也是我的爱。\r\n国区 Apple Music：使用和订阅的门槛较低，UI 相比国内其他音乐应用来说也更为简洁，缓存十分便捷。\r\nQQ 音乐：有版权的是大佬，作为一位影视原声带控，QQ 音乐掌控了太多独家版权内容，是 Spotify 和 Apple Music 都不具备的，比如前段时间大热的《迷雾》电视原声带，只能在 QQ 音乐听。\r\n如果这个功能没有了，你还会继续使用这个音乐服务吗？\r\n\r\n优势都没有了，还要它何用，我是一个没有信仰的人。\r\n\r\nTP：\r\n\r\n你在用什么音乐服务？\r\n\r\n网易云音乐 + 国区 Apple Music\r\n\r\n你觉得这个音乐服务最吸引你的功能是什么？\r\n\r\n网易云：歌曲评论区会有人分享自己的故事、或是一起玩梗、在一些内涵丰富的歌曲下也会有人进行科普，比起 Apple Music 更有「社区感」。\r\n国区 Apple Music：与系统整合度极高，可以直接使用 Siri 进行控制，版权相对完整。人工推荐歌单比算法推荐更合胃口，算法推荐更多是推荐与常听的歌风格类似的歌曲，而人工推荐会有更多可能。\r\n如果这个功能没有了，你还会继续使用这个音乐服务吗？\r\n\r\n网易云：一定会（特别是版权不完整的情况下）\r\nApple Music：不会\r\nLinconin Guang：\r\n\r\n你在用什么音乐服务？\r\n\r\n我现在在使用 Apple Music UK\r\n\r\n你觉得这个音乐服务最吸引你的功能是什么？\r\n\r\n最吸引我的功能就是每周五的 New Music Mix。不同于算法推荐，算法推荐的软件一旦你最近听的歌比较雷同，就会疯狂推荐给你类似的歌，这一部分在 Apple Music 里的表现就是每个专辑/单曲下面的 You Might also like。而 New Music Mix 则在你原本的喜好上，适当推荐一些不同于以往所听的歌曲，拓宽你的喜好风格，让你能够听到更多的好歌。\r\n\r\n如果这个功能没有了，你还会继续使用这个音乐服务吗？\r\n\r\n如果这个功能没有了，我应该还会使用这个音乐服务，因为和Homepod工作良好啊好吧其实是因为部分歌手的歌别的平台还真不容易听到，以及由各个公司创建的歌单（curators），歌单质量相对会更好一些。\r\n\r\n芍薬居P：\r\n\r\n你在用什么音乐服务？\r\n\r\nANiUTa\r\n\r\n你觉得这个音乐服务最吸引你的功能是什么？\r\n\r\n其内容库有许多独占内容，包括 Lantis 等音乐发行公司的音乐。\r\n\r\n如果这个功能没有了，你还会继续使用这个音乐服务吗？\r\n\r\n绝对不会。此应用非常之难用，bug 很多，没有离线下载功能，界面比起其他应用一点儿不美观，其继承码机制对不习惯的人来说很不友好（可以说是非常「日本」式死板了）。而且最近更新音乐也开始不是很频繁了，作为替代选择的话，我还是喜欢在 iTunes Store 下载音乐。\r\n\r\nShaun：\r\n\r\n你在用什么音乐服务？\r\n\r\n我算是骨灰级虾米用户吧。\r\n\r\n你觉得这个音乐服务最吸引你的功能是什么？\r\n\r\n以前盗版年代虾米上的歌全是用户自己上传的，各种冷门资源都有，听欧美独立的在那个时候基本都是选择虾米。后来虾米被阿里收购，界面变俗，歌变少，我也用网易云音乐，现在虾米慢慢越来越好了，我的主力还是虾米，网易云音乐听电台。\r\n\r\n我选择音乐服务最重要的就是它和我的亲疏关系，虾米听了8W多次，所以它最了解我，推荐最准。版权对我来说不是大问题，因为我会把虾米 网易 qq 都装上，主力用虾米，虾米没有的歌就去其他平台找，网易听书听故事，qq音乐听我是歌手这些综艺节目的歌\r\n\r\n➕ Jiahao：\r\n\r\n你在用什么音乐服务？\r\n\r\n我在用 Google Play Music。\r\n\r\n你觉得这个音乐服务最吸引你的功能是什么？\r\n\r\n德国没有 YouTube Red 所以只能听音乐不能去广告。用了一圈现在还是用 GPM，配合 Google Home 好用，App 界面很老旧，没有什么出彩的地方。但我就喜欢 GPM 很传统的方式，我特别不喜欢 Spotify 组织音乐的界面，专辑藏在很深的地方，而且搜索界面很难用。相比较 GPM 把专辑和电台放在同一个重要度，搜索功能包含音乐识别。另外，推荐算法真的不错，识别场景、时间和历史收听记录，「手气不错」的质量也不差。\r\n\r\nSCHOENBERG：\r\n\r\n你在用什么音乐服务？\r\n\r\n美区 Apple Music。\r\n\r\n你觉得这个音乐服务最吸引你的功能是什么？\r\n\r\n本来是 QQ 音乐的粉，当时觉得 QQ 音乐的资源巨全。可是不知道啥时候开始，QQ 音乐的资源越来越少，很多 track 都在变灰，无奈，我只好尝试把以前下载过的音乐拿来 Shazam 然后在 Apple Music 打开。然而国区的 Apple Music 实在是不像亲生的——资源并不全（但至少不会经常面临版权缺失的问题）。\r\n\r\n这时候我就有了搞个美区 ID 的想法。我真的要夸一下 Apple Music 对古典音乐负责的态度！虽然不是想找啥都有但是曲库确实已经非常大了。相比于 QQ 音乐乱糟糟的乐章排列 & 违和而没必要的机器翻译 & 糊弄傻子的推荐歌单， Apple Music 不仅对每张专辑都有很清晰的层级（整部作品和乐章）排列，还有高质量的每日推荐；「古典」板块的新专辑还会通过邮件定期发给我。QQ 音乐中动不动会出现的音轨缺失现象，我从没有在 Apple Music 中见到过',2,'为什么你现在还在用网易云音乐、QQ 音乐、虾米音乐、Apple Music、Spotify、Amazon Music……'),(55,2,'222','\r\n\r\n我们喜欢音乐很可能是偶然。实验证明，音乐可以引起人脑中关联到情感的区域的多巴胺释放，在音乐达到高潮时释放量较大。大量证据显示，人类情感的演化看起来是为了更好地应对外界，例如针对危险产生恐惧感、针对物种内和物种间的社交产生欢乐感。还有一些实验证明，音乐节奏加快时，我们的心跳和呼吸模式将出现加快来匹配音乐的节拍。这当然可能被我们的大脑解释为兴奋，并对应它来产生兴奋的感觉。这机制本来是拿来在生活中应对各种环境下需要的心率和呼吸量的。那么，音乐可以激活情感相关的脑区，很可能是因为人脑喜欢识别并预测模式，音乐带有可识别、可预测的模式（音调、节拍、旋律、和声等）。音乐不是关系到生存的能力，但是识别并预测模式是关系到生存的基本技能：人脑会从零散的视觉·听觉·嗅觉信息中自动筛选模式特征，来寻找潜在的危险生物与食物、自动判定“此处是否适合短暂休息/长期栖息”等，例如“这片沙沙作响的树叶后面有没有老虎”“我闻到的这些烟味是不是意味着野火在逼近”。这机制在人类社会的发展过程中或许产生了意料之外的作用：艺术与审美。系统不再满足于塑造机体，它开始塑造这个塑造的过程——不限于音乐。这可以解释为什么人们通常“喜欢熟悉的音乐风格胜过陌生的音乐风格”、会反复听几首喜爱的曲子，并将那些曲子与听曲子时的环境（安静的家里，悠闲的时光）联系起来。当我们正确预测了音乐接下来的模式时，我们的奖励系统[1]会被触发；如果我们预测了会听到一定水平的音乐然后听到更高水平的，还会触发“意外之喜”对应的追加反应。在远古时，人们也可能在安全的山洞里围在一起演奏原始乐器，并将这体验跟那时的安全、温暖、饱饱的肚子等联系起来。当我们无法预测音乐模式时，我们会感到无聊甚至烦躁。我们通过文化来学习什么样的声音构成音乐、什么样的声音构成语言，其余的声音组合则是随机噪声。历史上的音乐家在人们知道上述理论之前就有了这样的认识：听众们所称的“最好的音乐”通常既不是严格遵循惯例，又不会“太复杂、太不寻常、无法遵循惯例来解读”，而是使听众在可预测的框架之内感到新颖。你可以认为这源于“演化没有预见性”，任何特征都可能产生意料之外的作用。题目显示出一种古老的误解：以为经过自然选择保留下来的性状对生物要“有用”，要能够“影响生存率”什么的。实际上，任何偶然突变出来的性状只要不对“繁殖后代”产生明显的不利[2]，就有可能被视为中性性状、随着传代自然地在种群中扩散开来。“喜欢音乐”这件特征本身不必产生任何好处，不产生明显坏处就够了。由于依托于上面谈到的其它重要特征，“喜欢音乐”更有充足的底气。而且，即便一个性状“在罕见的状况下产生致命坏处”，只要那状况够罕见，这性状就还是可能广泛存在。例如人类在品尝二价铅离子溶液时会感到甜，这东西对人体来说可是毫不含糊地有毒的，人类为什么喜欢二价铅离子？因为我们的祖先在过去亿万年的演化史上都没怎么接触到二价铅离子，没有产生针对它的正经反馈，在其导致蛋白质功能障碍时胡乱触发了甜的味觉。结果，含铅葡萄酒等有害饮料可能参与了古罗马的衰落和灭亡。此外，“现在的人类都会认为一定旋律的声音很‘美妙’”的说法忽略了地球上现在存在着大量听障人士和各式各样的精神病病友。一个现代人类完全可能并不觉得任何旋律的声音“美妙”，乃至听不见什么声音。一些人患有“音调耳聋”，能听到声音但无法识别音调的模式。',2,'人类为什么喜欢音乐？能否从进化论上解释？'),(56,3,'444','1、张艺兴接下来有一个电影资源，奥运题材的《放手一搏》。\r\n\r\n2、翻拍版《仙剑奇侠传》和《仙剑奇侠传五前传》今年下半年都要开拍，前一部主角是新人的饼（暂定宋亚轩），后一部会有不少当初的配角回归，目前主演还没定。\r\n\r\n3、优酷漫改剧《一人之下》目前主演定的是：鹿晗、王影璐。\r\n\r\n4、《中餐厅》第五季六月份开始录制，店长黄晓明，餐厅合伙人龚俊跟姚安娜，他俩不会炒CP。\r\n\r\n5、电视剧《我爱轰炸机》目前定的主演是：安悦溪。\r\n\r\n6、《陛下在左，将军在右》，拟定5月14日，芒果tv上线。\r\n\r\n7、张哲瀚接下来会成为徐福记沙琪玛品牌代言人，物料已拍。\r\n\r\n8、杨紫接下来有《红秀》的封面，她现在在电视剧市场真的很有号召力，合作的男演员都是热门。\r\n\r\n之后是娱乐趣闻：\r\n1、任嘉伦的嗓音条件比较好，加上这些年他一直在注意锻炼自己这方面，所以他台词功底一直很好。\r\n\r\n2、俞飞鸿的情商很高，而且因为知识水平丰富，说的话都比较有文艺气息。\r\n\r\n3、大家很好奇，明星的片酬这么高，那么导演拍一部戏能挣多少钱呢？按照现在的行情，哪怕是张国师这种级别的导一部戏，到手可能也就三千万。\r\n\r\n4、陈翔现在算是彻底糊了，台里也不愿意照顾他了，他连节目嘉宾的资格都没有了。\r\n\r\n5、肖战之前拍戏的时候跑到隔壁剧组了，关键是自己还没发现。睡了一觉醒来说怎么工作人员都不认识他了？',3,'2021.5.11娱乐爆料：张艺兴、杨超越、肖战、鹿晗、安悦溪、张哲瀚、杨紫、宋亚轩、任嘉伦、王源、俞飞鸿、李沁、江疏影、赵露思、陈翔'),(57,3,'444','作者：幸福願望.replay\r\n链接：https://www.zhihu.com/question/22228637/answer/152842809\r\n来源：知乎\r\n著作权归作者所有。商业转载请联系作者获得授权，非商业转载请注明出处。\r\n\r\n现在的娱乐的话，基本就是在说，在消费主义洗脑下形成的，能在消费的时候产生「大脑在颤抖」这种感觉的活动了。作用类似于麻药(日语)。凡此药者，量不过，则可为药，过，则必然为毒。毒之效果：药效降低，并使人依赖之而活。几百来年前，马克思说到过，宗教是人民的啊片。现在的人在消费的时候会产生的「大脑在颤抖」，其作用也是类似，因为资本主义本身并不需要极大的生产力，它必须让人为了消费来消费才能维持住它那恶性循环。多少程度地接受了消费主义的洗脑从而以消费为快乐的人，也会逐渐习惯这样的快感，就像吃安眠药一样，宁愿麻痹下去也不愿正视周身发生的，终于连为何放弃正视也给忘了。可怕的不是人不会笑，也不是人不知道自己为何要笑；而是人不再思考自己为何在笑，亦不愿思考自己为何不再思考。资本主义的维系不需要人有这种思考。但人类文明就并非如此咯。……虽说本来，资本主义要长久维系，这也是不合乎现实世界的客观规律的了。==== 下面是因为自己水平不够没太看懂的旧答案 (2017-03-21) ====个体在参与群体行为时，会从该行为中寻求自身的满足。群体行为的出现原因是因为这能更有效率地生产。这意味着为生产效率而发起的群体行为不见得一定能全然满足个体的所有内在需求。因此，除去这群体行为最开始的动机，即生产的效率，其所派生出的具体行为外，为了能“舒舒服服地进行这样的群体活动”，“娱乐”便作为新的个体的诉求诞生了。…好像抽象了些，也可能会有缺陷的地方……这就是我的理解了…其实，明白娱乐的本质其实是个好问题。「生产活动是怎么不能满足大量个体的内在需求的呢？」这其实是个关于「社会主义化」（或者说「社会乌托邦化」）的，挺好的问题…或者这么说吧：「假设的理想乡中人是如何做到『乐于生产』的呢？」……至于娱乐节目算不算娱乐，我觉得用来补全人出于提高生产效率这一目的而进行的合作，这样的合作以外的社会行为，应该都全是「娱乐」生产了吧？如果可以这样说的话，娱乐倒是挺广了……啥艺术品啊，美女直播啊，av啊，电子竞技啊…饭店啊编程啊这些不算，它们就是作为「提升效率」这一诉求而进行的那类合作。(当然了我是说不全是的意思。超高档的甚至可能会偏离人进食诉求这一饮食本质的饭店的经营，还有为生产娱乐产品而进行的编程，应该就都算了…)当然了重申一边，以上仅仅我的个人浅见，存在疏漏我想是必然的。因而我不拒绝所有有理有据的反对或者讨论。但这不意味着不拒绝这种情况：不说明理由(跟你认为你有没有理由或你认为你有没有说明理由无关)的无理取闹。----此处并未贬低娱乐。娱乐无疑是有价值的，尤其是在不够合理的社会制度下。社会的本质是更有效率地合作生产。适度的娱乐有利于接下来的生产，但也存在大量的娱乐，是有迷惑个体、拔除个体的意志的力量的，这样的娱乐并不利于生产效率的提升，而如果某种社会组合方式下其中大量的个体不得不依赖这样的娱乐，那说明这个社会已经是一个开始走向本末倒置处境的社会了。——尽管即便这样的娱乐也仍然是因为足量的个体都共同地出于对娱乐的寻求，这件原起于内在在社会活动中不能被全然满足的事情，而所行的行为。而也因此——此处我要批判的是，不得不依靠娱乐——尤其特指并不见得会促进接下来的生产效率的娱乐——才能运转的，不够合理的本末倒置的，这样的一种社会合作方式。',3,'什么是“娱乐”？我们现在提到的“娱乐”本质又是什么？'),(58,3,'444','人绝大多数痛苦源于没有找到适合自己的娱乐方式。\r\n\r\n由于娱乐方式与自己的内在需求相左，内心没有得到真正满足，压力无法施放，时间和精力的流逝让自己身心俱疲。\r\n\r\n人之所以不能自律，很大程度上也是因为没有找到适合自己的娱乐方式。当前的娱乐方式不满足自己对自己的要求，环境对自己的要求，所以自己会在两种选择中煎熬。\r\n\r\n错误的娱乐方式会把人导向堕落甚至毁灭；不适合的娱乐方式会让人陷入长久地煎熬与疲惫；适合的娱乐方式会让自己怡然自得。\r\n\r\n人应该一直寻找适合自己的娱乐方式，如同鱼儿渴望水，陶渊明渴望田园一样。\r\n\r\n如何找到适合自己的娱乐方式？\r\n\r\n我认为判断娱乐是否合适的核心标准有三条：\r\n\r\n能有效的停止。\r\n娱乐程度与当前的生活状态相匹配。\r\n能让身心放松。\r\n1，\r\n\r\n一切高刺激的娱乐都有一个特点，在疲倦之前，无法停止。就像开车一样，车速越快，动量越大，停止越难。\r\n\r\n娱乐是生活中的佐料，而不是主食。当娱乐占用过多的时间，佐料就成为了主食。\r\n\r\n一个娱乐越能有效的停止，越是健康的娱乐。\r\n\r\n所有称为“瘾”的娱乐，都有一个共同的特点，无法有效停止。有人刷朋友圈成瘾，看连续剧成瘾，刷知乎上瘾 等等 都是身体已经疲惫，大脑的某一区域仍然不愿停止。\r\n\r\n每个人的情况不同，“上瘾”的事物不同，凡是让你无法停止，吞噬大量时间的，都不是适合你的娱乐。\r\n\r\n2，\r\n\r\n根据娱乐的刺激峰值和频率，可以大致分为深度娱乐和浅层娱乐，或者分为高刺激娱乐和低刺激娱乐。\r\n\r\n在不同的生活状态中，适合的娱乐就不同。\r\n\r\n如果生活状态丰富多彩，就可以选择深度的娱乐。如果生活状态过于单调，就适合浅层娱乐。\r\n\r\n为什么？\r\n\r\n如果娱乐提供的刺激 远远超过生活本身的反馈。人会倾向于逃避生活，选择娱乐。这样的娱乐就会让生活本身失色，让生活失去意义。人长期感受不到生活的意义，就会变得抑郁，陷入虚无主义。\r\n\r\n高刺激娱乐并不能创造更多快乐，而是以平淡生活之乐为代价。\r\n\r\n娱乐不应该恶化现实。\r\n\r\n娱乐提供的刺激，应该与生活本身的刺激在同一个层级。这样娱乐与生活才会相互融合，相互增益。\r\n\r\n诸葛亮说，“非静无以成学”，就是因为娱乐方式与生活状态要相匹配。学习的过程中，生活是相对单调的，人就应该选择相对恬静娱乐方式，娱乐才不会喧宾夺主。\r\n\r\n3，\r\n\r\n娱乐最根本的使命就是让身心放松。\r\n\r\n有人认为娱乐应该是有意义的、有价值的，其实这不是娱乐的核心目标。\r\n\r\n一个合格的娱乐方式，让人心情愉悦，头脑轻松就够了。\r\n\r\n很多人周未喜欢通宵游戏，宿醉，看爽文，结果礼拜一更加疲惫。\r\n\r\n这种透支未来，透支精力的娱乐方式一定不是合格的娱乐。\r\n\r\n\r\n\r\n根据上述原则，不断地偿试，培养一些兴趣爱好，选择适合自己的娱乐方式，人生的痛苦会减轻大半。',3,'如何找到适合自己的娱乐方式？'),(59,3,'444','\r\n1、 首先记住，人们的选择都只是自己生活过程的延伸，不可能脱离「现有」的生活来作出于原来完全不同的选择。游戏、娱乐&工作、学习，对你来说，并不是一个问题，因为当你做选择的时候，其实你心中隐隐会有个想象体，“他”就是那个刚打完游戏的自己，“他”很强大，有力量感，能够意志满满去完成你「暂时延后」的学习和工作！“他“是如此的强大且高效，乃至于可以让你做出「先玩一会儿游戏罢」的决定，反正你觉得，即便玩一会儿也没事，最后”他“都能够把失去的城池补回来！抱着“明天我一定要怎样怎样”的心态，然后让自己“好好玩最后一天”，这样的场景你是不是很熟悉？然而，你又有多少次的“第二天”如约酬志了呢？这毛病就处在于，你不能认识到----你并没有一个可以在未来某个时刻就突然变得强大的自己！我们都希望自己是强大的，想象中的那个人，他可以为梦想而进行强力执行，可以卧薪尝胆，有咬定青山不放松的意志。但那是想象体、那是期望体，更是幻想体。实际上，你现在连游戏都忍不住，未来的那个自己，也许就是明天的那个“会一心一意投入学习、工作”的自己，又怎么可能忍得住寂寞吃得了苦头，去尝那苦涩的蛇胆呢？其实不论是从哪个角度看，人们的选择都只是自己生活过程的延伸，不可能脱离「现有」的生活来作出于原来完全不同的选择。你现在打游戏，你想象中那个会在某一刻忽然毅然决然完全一心工作和学习的自己，就更不可能发生。凡事都要讲惯性，打游戏的你更倾向于培养沉迷于游戏的自己，因为你在延伸自己。否极泰来的事情很少发生，乐极生悲却多的是。所以，要打破这个幻象。关键就在于你做决定的那个时刻，第一，一定要告诉自己，你是有选择的，第二，一定告诉自己，明天的那个自己，依然会如故，不会更强大，你今天会觉得痛苦的事情，明天的你还是会感觉痛苦，你今天不想做的事情，明天你还是不想做，未来并不会有一个完美的自己来替代你承受这一切。所以，你需要当下就做出决定，不是问自己，“你是要现在去做，还是明天去做？”，而是问，“你是要现在去做，还是把这个痛苦的抉择继续延迟到明天？”。第一问，“今天痛苦VS明天轻松（似乎）”，这是一个自带偏向的选择，我们人性会更倾向选择“明天去做”，这样似乎离痛苦就远一点。第二问，让你明白，你明天依然还是会面临同样的抉择，或者更痛苦，是在，“今天痛苦VS明天更痛苦”之间抉择，我们知道，实际上这样的比较才比较符合现实情况，在此基础上，我们做出的选择也会更明智。2、 学不进去就列任务清单完成一个就划掉一个，这方法很棒，不仅仅只是因为你在划掉完成项目那一刻的成就感。更在于，能让你集中注意力。人在疲惫的时候，自控力下降的时候，或者是各种心思不定的时候，清单大法最好用。比如有的时候，做着一件事，做着做着就怀疑有啥意义，这种自我怀疑会导致你半途而废，但如果你给自己列清单，告诉自己，管他娘的什么意义不意义，先按照这个清单做完再说，事情就可以得到极大改善。又比如你疲惫之时，此时自控力下降了，没有那么多意志力抵抗诱惑，那么清单大法好啊，用它，只要找到清单上的事项去做，就没有那么多的歪主意说要去打个游戏。3、 专注的过程写下旁骛的事件专注的过程写下旁骛的事件是已知的一个好办法，你可以给自己的大脑建立一个后台，在笔记本上，有杂绪就写下来，这是一个卸载也是一种清理。4、 找到事物本身的有趣之处，而不单纯依赖于自己构建的意义有人问，有哪些方法可以让自己从适应高刺激状态转变为适应低刺激状态，从而适应枯燥的学习或者工作？询问者在问题之中，就已经给工作和学习定了属性，也就是默认它们是枯燥的。这就很糟糕。因为，即便存在一个方法，真的可以让人从适应高刺激状态变成适应低刺激状态，难道长期不会导致心理失衡吗？肯定会的，因为我们欺骗不了自己。因此，这个默认工作或者学习本身枯燥的前提，是可怕的。同样在此前提上，很多人提出，要找到事物的意义。没错，找打事物的意义，的确让我们可以继续做好事情。但同样，它有一个后果，如果一件事情在我们看来很糟糕，却非要让自己构筑意义，以让自己顺利去完成。但你能想象到，这个过程就好像你闻着一锅腐臭的鸡，却非要让自己想象那味道多么甜美，最后真的干了一碗鸡汤……事情确实做完了，但你自己真的觉得爽快吗？不爽快的，因为你再怎么自欺欺人，自欺欺人这四个字里面，还包含着两个「欺」字呢。自欺欺人并不是无懈可击，最怕的是有人一语道破，你会很难接受。我觉得一件事，如果非要强加意义感才能去做，那这种事情就很难抵挡得住诱惑，因为玩游戏，你不需要构筑什么意义，游戏本身就让你分泌多巴胺。不是先去构筑意义，应该做的是，认真面对事物，认真的去寻找事物本身就可以存在的确定性乐趣，同样可以刺激让你产生的多巴胺的乐趣。读书枯燥吗？你发现它枯燥，但有的人也可以做到沉迷，为什么有的人可以做到沉迷，就是因为那些人发现了你没发现的或者乐趣、或者好处。工作枯燥吗？你发现它枯燥，但也有的人可以做到沉迷工作，变成工作狂，那到底是什么原因，让你们之间产生如此巨大的态度反差&认知反差？你该去找找原因。5、 很多习惯的养成&戒除背后，其实是情绪管理问题这是一个新的视角。比如要让自己从适应高刺激状态转变成适应低刺激状态，你实际上真正需要应对的是，当你不进行那些高刺激活动的时候，你会产生很多心理波动。比如不让自己打游戏，那心里会焦躁，看到别人在打，“手痒痒”、“像热锅上的蚂蚁”，等等等等。此时如果你立刻可以玩到游戏，那么，你的焦虑就得以解除。但我们要跟自己的习惯做斗争呀，所以没得玩，「焦躁」就会转化，变成别的方式表现出来，比如脾气变得不好了，等等。即便让自己强行去适应低刺激事物，也无济于事，比如看书的时候，你也心不在焉了。很多人习惯了高刺激物，因而无法适应低刺激物，因此当他们发现自己学习的时候心不在焉，很多的心理问题就出现了，怀疑自己的自控力有问题、注意力有问题、是不是笨、人是不是没救了……陷入自则的泥沼，陷入自我怀疑的陷阱。但我希望你知道，这一切的背后，都是你的情绪在作妖。不要急，也不需要像无头苍蝇一般到知乎上各种寻医问药，找什么各种“XXX不行了，怎么办”。如果你非要做，我推荐你写这样的日记：这是戒断高刺激的第XX天，我感受到了焦虑/注意力不集中……我知道这是我戒断的后果，是因为我让自己不玩游戏/娱乐而出现的正常反应……我不需要做别的什么，我自己也没问题，我很棒…..我现在只需要和他们慢慢相处，我不怕它们，只要我这样下去，这些反应会越来越少…越来越少…觉察到自己的情绪，然后静置它们，它们就会走远。千万不要中了「焦躁」的陷阱，如果你在学习的时候，稍感到自己焦躁、分心了，就去各处找什么解决办法，你会发现，各种办法都不及再玩一把游戏有用。你一「焦躁」就跑，那它就在你身上起作用了，正是它驱动着你，也实际在控制你，操作你，让你冲向那个它最想去的地方，那就是，再来一把游戏吧。哟，你中招了。6、 “学习，就应该找个安静的地方”----“但不是让你找个安静的地方玩手机！”既然讲「高」「低」，那么说的都是相对概念。现在的高刺激物，说的是抖音微博这些吧，可是时间划到十年二十年前，那时候也有相对应那个时代的高刺激物，比如很典型的就是电视机。那时候也有游戏机，我记得原始的俄罗斯方块游戏就让曾让很多人着迷。还有街机，都是很火的玩物，甚至我记得，小学六年级的时候，为了玩一把街机，我甚至很小伙伴们早起，这样就可以在学校周边玩一个小时的游戏。当然印象最深的是小霸王，有点追求的小孩都想办法整一个。其实我们是一只伴随着高刺激玩物一直长大的，只是我们不变，玩物在变而已，所以从这点上看，说因为我们适应了高刺激的状态，才导致无法适应低刺激的学习或工作，这种论调，有合理之处，但仍有值得探讨的空间。如果是因为适应了高刺激状态而导致无法适应低刺激状态，那么面对这种结果，我们提倡的就应该是戒掉高刺激的娱乐状态。但是实际上，我们这些年都是跟着不同形式的高刺激物成长的，也没见我们这个国家到处都是残人。可见我们的控制力也不全被高刺激摧毁了呀。我觉得更重要的是养成这样的习惯吧，那就是：学习就该学习，玩就玩。比如那句话，“学习，就应该找个安静的地方”----“但不是让你找个安静的地方玩手机！”如果发现自己所谓的学习，只不过是换个地方玩手机，那么最好的办法，当然是不带手机去学习。',3,'怎样从高刺激的娱乐状态中静下心来，适应低刺激/枯燥的学习或工作？'),(60,4,'abc','\r\n\r\n目前？不考虑核，常规军力的话，今天的中国军力对美三成左右，按照发展规划，2025对美五成，2030肯定能到七八成，能不能持平不好说，得看美帝会不会拉胯。目前在家门口（第一岛链内）中国天下无敌，美国倾国之力来攻都赢不了。它美军自己的推演一次都没赢过，它家兰德智库几年前的报告也就是说美国要是倾全国之力来进攻中国的话，2020年之前能惨胜之后赢不了（不出意外地，这个报告犯了两个错误，一是数据不准低估了当时中国军力，二是大大低估了中国军力发展速度，它16年最迟18年就打不过了）。暗无天日的八十年代，九十年代你们没经历过，那个时候中国国防就是纸糊的，这十几二十年才是真正的赌国运。我关注军事的时候“现代级是航母杀手”“空中蔡国庆枪挑娘娘（歼8大战F22的意思，蔡国庆和娘娘是外号）”这种聊以自慰的精神胜利法是主流声音，那会儿绝大多数人对我国军事实力的认知都远远高于当时的真实实力，军备连块像样的遮羞布都没有，越是军迷，了解越清楚，越是绝望，憋屈啊！我很羡慕现在的小军迷，今天，根本没必要担心我国的国防安全，今天，绝大多数人对中国军力的认识都严重滞后和低于其真实水平。真的，我那个时候，你越深入了解越受打击越怀疑人生越绝望。现在，对普通人而言，你越了解就越惊喜就越自信越充满希望。真是个好时代啊！\r\n美国防长埃斯珀星期三说，就海军实力而言，中国无法与美国匹敌。他进一步说，即使美国停止建造新的舰船，在公海上的能力方面，中国也要花费数年时间才能缩小差距。我们非常同意埃斯珀的这一评估。中美海军在公海上的能力就是有很大差距，而且由于中美都在建造新的舰船，在短时间里大幅缩小这个差距显然不现实。问题是，明知道这种情况，华盛顿还紧张什么，为何还要叫嚣“中国威胁”？\r\n\r\n\r\n是华盛顿的野心太大了，它追求的是永远保持美国海军对中国海军的现有量级差距，并且希望永远依靠这一差距威慑、恐吓中国人，对华行使它的霸权。所以美方对解放军力量的任何增长都高度敏感，很担心他们对中国的施威能力遭到削弱。我们想说的是，中国至今没有在全球与美国开展军事竞争的任何想法，那不符合中国利益，中国的军事力量也与那种竞争不相匹配。去南太平洋、印度洋上与美国海军冲突，我们不仅知道打不过美军，而且那样做图什么？然而在中国近海，也就是中国的核心利益关联地区，美国海军逐渐失去主导权的趋势是注定的。解放军要拥有在这个地区一旦发生冲突时战胜美军的把握，这是中国社会支持国家发展军力坚定不移的目标。在我们看来，这一点也不过分，而且是中国能够也必须做到的。埃斯珀等美国精英对中国2035年和2049年的军队现代化目标耿耿于怀，但我们认为，实现在近海对美军强大而有效的威慑力根本就不应等到2035年，它应该加快构建并且强化，支持尽早压制住美军在中国近海的嚣张。无论美军得到多少军费，美国新建造多少舰船，中国社会将会支持政府以更大的力度增加对上述能力的建设。我们是不会与美国开展军备竞赛的，我们投入的是主权与霸权的PK。为了不在近海受美国的欺负，也为了捍卫中国国家安全，无论需要多少预算，绝大多数中国人都会支持。美方需要改变自己的安全计算公式，南海、台海不能被他们等同于加勒比海。如果华盛顿有在那些近海制服中国的野心，那么他们需要知道，实现它是非常昂贵的，长期看必是美国的不可承受之重。总之美国不仅海军，整体上也非常强大。但是美国远没有强大到无所不能，当它因过于贪婪而追求超出能力的目标时，就会从强大变成虚弱，从真老虎变成纸老虎。它想要在中国周边海域称王称霸、号令中国，就属于勉为其难，自我制造一个弱项。而且，这将是它越来越力不从心的领域。中国力量仍弱于美国，但我们脚踏实地，不搞军事扩张，中国利益的向外延伸全是以寻找共同利益和双赢、共赢的方式去实现的。我们不在世界舞台上与美国或任何国家对抗，同时我们的大量能力用来集中捍卫自己的核心利益。这样的国家会在核心问题上与美国一样强大，甚至更强大。所以我们觉得埃斯珀先生对很多数据的引用和对比挺准确的，但就是对强大的本质、对强大与虚弱的转化条件很糊涂。历史上的强权都是因为搞不清楚这些关系而迷失了方向，最后走向衰落。这一代的美国主政者看来在重蹈历史上有过的覆辙。',4,'中国目前的军事实力（海陆空）和美国的差距有多大？'),(61,4,'abc','列强？我们自己就是世界顶级的列强啊。算上核战争，除美俄两国以外，基本上不够看（英法尚能一战，但这两国国土纵深太小）。不算核战争，除了美国外，就连俄罗斯都不够看了（不是说俄罗斯常规军事力量不行，而是我在俄罗斯生活过几年，他们人口真的太少，经济真的跟不上，离中国真的太近了）。整体来看，中国的军事力量对标的只有美国，除了美国以外，仅俄罗斯在体系与综合实力上上与中国互有优劣，但我们与美军尚在诸多领域有明显短板，整体呈追赶趋势，部分领域实现了反超。比如核战能力，今年2月4日我们刚进行了自2010年来的第五次陆基中段反导实验，而全球只有中美两国掌握了中段导弹技术。\r\n在可预见的未来，现在是中国军事实力最弱的时候！也是历史上最强的时候。中国的军事实力客观的说应该是第二。美国第一。这个是纯现有装备比较，不算战争潜力。现在中国外交态度已经改变了。原来，中国一直在讲韬光养晦。不管网友们怎么铁血、热血、甘洒鲜血！官方一直讲和平，讲友谊，讲和平。闷声发大财。现在已经改变了。金一南演讲，“中国正在造第三艘航空母舰，全平直甲板，弹射起飞”。配合局座当年说J20是J10改来看，态度完全改变，学习美军，开始露肌肉 了。为什么？有底气了。去看金政委在日本讲话，很有意思，直接威吓日本人了，特别过瘾。这种过瘾是中国人一百多年来追求的。而且金政委说了，中国不怕美国，因为打赢过美国，但是中国没有打赢过日本，所以，中国迟早要把这个补上！金政委V5霸气！截图在最后。为什么中国改变方式了，改变态度了？因为形势变了。汉朝当年文景之治积蓄了大量财富的文治，才有了汉武帝的武功！中国现在光已经韬不了，头也已经闷不住。世界都要中国负起更大的责任，这是外因。内因是各位。国内不管是五毛、自干五、小粉红、带路党、精美、精日……五十六个民族，汇成一句话：兔子不能在国际上牛B算什么伟大。现在连汉奸都要求中国事事在世界上排第一，前三都骂你！芯片、发动机、软件、操作系统、基础材料、试验设备、仪器……你说中国才改革开放了三十年，别人都几百年的基础。我不管我不管，反正你用外国的你就没脸吹你崛起了，你就是不行。你大飞机就做个壳，你可燃冰就是要小心地质灾难、你量子计算机只是概念，你J20发动机还不如美国几十年前的……连汉奸都这么理直气壮的骂，你说中国还怎么藏拙？内外因素导致中国现在在军事装备、军事训练、军事建设、军事理论以及军事演习、军事交流上越来越多的投入，开放和强大。军事实力不仅仅是军事装备，飞机、军舰、坦克、大炮、导航、导弹……军事实力是一个系统。包括装备、训练、演习以及与外军的交流，还有军事理论。中国是大政府，可能是世界上最大的政府。美国不同，美国是大企业、小政府。美国军费预算账面数很大，但就那么多，基本上是人员成本、军事基地、装备采购、训练、可丁可卯要经过审核的。中国账面数远远不如美国，虽然是第二。但是，中国投入到军事上的钱可不仅仅是军费那些。各种研究所、工厂、社会力量、管理、后勤、甚至土地成本都没算入军费。加上没有美国数量众多的，庞大的军事基地要养。人员成本更差别巨大。所以，直接投入到军事装备采购上的资金，中美差距没有军费开支差距那么大。加上中美购买力的差距和军事装备价格的差距。中国这些年和未来日子军事装备的进步，应该是井喷式的。所以，中国现在的军事实力是可预见的未来中最弱的。也是有史以来最强的。具体数据其他答主都说了很多。按中国政府的习惯和保密规定。能让大众知道的，应该不是最新的，最强的。原来弱的时候，更是藏着掖着，神神秘秘，让你猜。随着实力增加，开始学习美帝的先进经验，越来越透明，吓唬你。最后，特别同意金政委的话：中国现在没有人能打的赢，能分裂中国的，只有中国人自己！\r\n\r\n',4,'如何评价现今中国的军事实力？'),(62,4,'abc','作者：当代张敬轩\r\n链接：https://www.zhihu.com/question/45852482/answer/101528409\r\n来源：知乎\r\n著作权归作者所有。商业转载请联系作者获得授权，非商业转载请注明出处。\r\n\r\n中国人评价俄罗斯的军事水平，往往呈现两极化。在许多不懂军事的普通群众眼中，俄罗斯军队仍是苏军那副全球第二的模样，比中国不知高到哪里去了。而在粗通军事的军迷眼中，俄罗斯军队则已是日薄西山，全方位被中国吊打。然而，我不得不说，这两种看法都是错误的。首先，我们要先搞清楚俄军对自己的定位，否则就可能犯斗兽棋的错误，得不到正确的结论。经过谢尔久科夫的改革，俄军目前已经成为一支少数精锐主义的职业化军队，立足于在其自认的势力范围（也就是前苏联加盟共和国圈）内实施干涉作战。而对于西方的压力，则是以维持核平衡的手段来加以抗衡。说白了就是撑起核保护伞，然后在伞下吊打小朋友玩。这一定位是根据俄罗斯自身的国力和国家定位来确定的。而中国军队虽然很大程度上也已经职业化，但仍然维持着打一场常规大战的架子。这一方面是因为中国执行了最小核威慑战略，没有庞大的核武库；一方面也是因为中国在周边面临着众多次级列强的挑战，因此不能不维持较大规模的常备军，而非一支精锐的快反部队。搞清楚这一点，我们就可以来比较中俄两国的军事力量了。一、陆军：俄国陆军现在已经成为一支规模很小的力量（尽管仍占全军总数的三分之一），只有26万人（可能将会扩充到40万人），主战坦克大约2000辆，与某些人印象中那支钢铁洪流完全不是一个概念。与此相反，中国陆军仍然拥有120万大军，其中遂行机动作战的野战部队也有85万人，规模分别是俄国陆军的四倍和三倍。但中国陆军的现代化水平较低，先进装备总数只是与俄军相当或略多（如先进主战坦克大约2000辆、陆航直升机800架左右）。可见，中国陆军与俄军的定位完全不同，拥有大量的二线部队；除了同时应付几个方向的敌人之外，在大规模长期战争中也比较有利。此外，中国的机械化水平虽然不如俄罗斯（苏联在50年代末就完成了全军机械化——当然那个连步兵战车都没有的机械化跟当代的机械化也不是一回事，而中国自1985年完成摩托化之后，至今尚未完成全军机械化，到现在还保留了好几个摩托化师），但现在已经是信息化时代。至于中国军队的信息化水平，这个问题可以见仁见智，但起码不输给俄军。之前有个答案里链接的文章认为俄军储备有上万辆主战坦克，在长期战争中可资动员。先不说这些坦克的保养水平如何，俄军还有没有完善的预备役动员系统都成为问题。更何况，在长期战争中比较工业实力，俄罗斯怎么可能是中国的对手，封存的坦克又怎会是新造坦克的对手？二、空军：中、俄战术空军实力基本相当。中国拥有350架以上的苏27/歼11系列战斗机、250架以上歼10系列战斗机，与俄罗斯的350架苏27系列战斗机、250架米格29战斗机系列基本相当。中国的飞机寿命较新，俄罗斯则在3.5代战斗机的换装方面领先一筹（但中国又在4代战斗机开发方面领先）。俄军有135架米格31截击机，中国则有192架歼8战斗机，都是用在国土防空领域。除此以外中国还有700架以上的歼7系列战斗机等待淘汰，考虑到其中一部分只服役了10年，应该还会再次要方向服役相当长的时间。然而，俄军对地打击能力相对更强，拥有277架苏24战斗轰炸机和199架苏25强击机。而中国方面，则只有120架歼轰7战斗轰炸机和120架强5强击机。俄军在战略轰炸机和大型运输机方面对中国空军有压倒性优势，当然这主要是苏联老本。不过，中国的大型运输机虽然已经服役，但战略轰炸机方面也没有太多动静。三、海军：俄罗斯海军的衰退是最为明显的。自从解体以来，俄罗斯海军除了勉强维持一个航母编队和少数几艘巡洋舰装点大国门面之外，基本上已经衰退为一支近海作战力量。目前，俄海军中最活跃的水面作战舰艇是格里沙级小型反潜舰，这倒是很有些80—90年代中国海军的风范了。而在可以预见的未来，俄海军的主力水面舰艇也将会是4500吨级的多用途护卫舰和2500吨级的轻型护卫舰。这也就意味着俄海军的自我定位就是一支绿水海军（类似2000年前后的中国海军）而非蓝水海军，其主要作战任务是捍卫俄罗斯对波罗的海、黑海、鄂库茨克海等邻近海域的控制。但是我们仍然要看到，俄罗斯海军的这个定位是符合其国力水平的。在另一方面，俄罗斯海军对于战略核潜艇部队的发展，就丝毫没有放松，北风之神型战略核潜艇的发展就是明证。再加上苏联遗产，在这方面俄军的底子仍然是要比中国厚得多。四、火箭军：俄罗斯的战略火箭兵的唯一作战任务就是发射战略弹道导弹。因此，该独立兵种麾下的3个集团军、10个导弹师下辖有46枚发射井部署的R-36M2（SS-18）导弹、30枚发射井部署的UR-100N（SS-19）导弹、72枚机动部署的RT-2PM（SS-25）导弹、60枚发射井部署和18枚机动部署的RT-2UTTH（SS-27）导弹、73枚发射井或基地部署的RS-24（SS-29）导弹，合计299枚洲际导弹，配备有903个核弹头。值得注意的是，构成俄战略火箭兵主力装备的78枚RT-2UTTH白杨M导弹和73枚RS-24亚尔斯导弹（合计超过半数），都是苏联解体、冷战结束之后才服役的。与之相对，美国现在部署的450枚民兵3洲际导弹（配470个核弹头）都是冷战时期服役的。与美军和本国其他军种（尤其是俄罗斯陆军和海军）相比，不难发觉俄军对战略火箭兵的空前重视和重金投入，当然这里面也有俄军新型潜射洲际导弹开发不顺的因素。相比之下，中国火箭军就完全不同，装备有上千发中、短程的战役、战术弹道导弹（俄军因《中导条约》的关系已经废弃了战略火箭兵的全部中程弹道导弹，而短程战术弹道导弹在俄军则是隶属于陆军的）。相反，洲际战略导弹却只有75—100枚（配大约150个的核弹头）。很显然这是因为中国奉行最小威慑的核战略，与此同时却需要大量在战时配属到战区甚至集团军的战役甚至战术弹道导弹使用常规弹头去攻击周边的一些军事目标。而这一差别本质上又是源于中俄两国国家战略不同。五、结论：中国和俄罗斯国家战略不同、军事学说不同，不存在中国超越俄罗斯的问题。如果单论技术水平，则俄罗斯底蕴深厚，后劲不足。体系建设方面也是如此，俄罗斯还是缺钱。但话说回来，穷人有穷人的打法，富人有富人的打法。战争作为一种政治手段，其胜败也不纯粹是取决于武器的好坏。仅从这个意义上来说，很难评价中俄军事水平的高低。也许，只有历史才能给我们最终的答案。',4,'如何评价俄罗斯目前的军事水平？中国在军事上超越俄罗斯还要多久？'),(63,4,'abc','\r\n\r\n历史背景和实际用途两方面的原因都有。四大发射场中，酒泉是元老，一开始为苏联专家援助选址、设计。酒泉卫星发射中心深处内陆，周围都是荒漠，地势平坦、远离人烟。无论是出于反间谍、反空袭，这两方面的军事及情报安全性上的考虑，还是在万一发射任务失败，或者抛弃整流罩的溅落区这样的对于平民的安全角度考虑，在始建之时都是上佳之选。酒泉承担了中国的首颗卫星发射任务，以及首次载人任务。在2020年初的目前，为中国目前唯一发射过载人任务及空间站任务发射场。太原卫星发射中心原为酒泉的一号备份，在中苏关系紧张时开始建设。地处1400米左右的山区。目前主要承担太阳同步轨道和极地轨道任务，发射的卫星包括气象、光学遥感、资源、通信等多种用途。西昌可视为酒泉的二号备份，同样在中苏关系紧张时开始筹建。地处四川境内1500米左右的山区，纬度较前两者都低。西昌承担了中国首颗通信卫星的发射任务。从80年代中期开始，主要承担国内外的商用通信卫星发射任务，主攻地球同步轨道。进入新世纪，西昌又承担了至今为止所有的嫦娥探月任务。文昌虽然是后起之秀，但是地理位置得天独厚。在四大发射场中纬度最低，而且临海，载荷能力、任务安全性、扩建潜力都非常可观。未来将会成为中国的卡纳维拉尔角，不但会承担各种卫星发射、空间站、探月、载人航天等任务，也会成为中国民营商业航天的摇篮。要谈航天发射场，就不得不从航天技术与军事技术的联系说起。毕竟，几乎每一个当今航天大国的运载火箭计划，都是从弹道导弹研制计划发展而来的。以美国为例，1958年把美国第一颗人造卫星“探索者1号”（Explorer 1）送入轨道的朱诺1型火箭（Juno I）就是直接从红石导弹/火箭家族中的PGM-19 “木星”（Jupiter, 也可译为朱庇特）中程弹道导弹改装而来。而三年后，美国的第一次载人太空任务中，把美国航天员艾伦·谢泼德送入轨道的也是同为红石家族成员的水星-红石（Mercury-Redstone）火箭。而航天发射场也是如此。再次以美国为例，大名鼎鼎的卡纳维拉尔角是美国航天当仁不让的一哥，在无数好莱坞大片、科幻电影、太空电影里出现过。在卡角48个曾使用过及在建的发射塔台之中，其实只有靠北的4个是真正属于美国航天局（NASA）的，而其他的44个，则一开始都属于美国空军。而美国的航天任务，一开始占主导地位的也毫无疑问的是美国军方。\r\n现在网上有一句很流行的话其实挺有道理：兔子是摸着鹰酱过河。也就是说中国在很多方面的发展都借鉴了美国经验。这句话在航天上也部分成立，当然，在早年一开始的时候，借鉴的更多是苏联的经验。酒泉篇跟美苏这两个当年的超级大国一样，中国早年的航天技术发展也是与军事技术密切相关的。中国的第一个航天基地 -- 酒泉卫星发射中心，在1958年始建之时，初衷就是解放军的地对地弹道导弹发射场。在1957年人民解放军总参谋部决定筹建导弹试验场及靶场后，当年年底，列·米·盖杜柯夫少将率苏联专家组到达中国协助选址、设计。在1958年，发射场选址定于甘肃名城酒泉的东北300余公里处。同年，中国人民志愿军第二十兵团的司令部、政治部机关及直属队部分人员秘密自朝鲜回中国参加导弹基地的组建。经过两年的艰苦建设，1960年11月，发射场投入使用，并成功发射了中国首枚地地导弹东风一号。发射场的正式名称一开始为中国人民解放军第二十训练基地，又名东风基地。1966年，中国首枚装备核弹头的弹道导弹从酒泉基地成功发射。1970年4月24日，一枚长征一号运载火箭从酒泉卫星发射中心升空，并成功的把中国第一颗人造卫星东方红一号送入了轨道。至此，“两弹一星”画上了一个圆满的句号。酒泉卫星发射中心深处内陆，周围都是荒漠，地势平坦、远离人烟。在始建的中苏蜜月期之时，无论是出于反间谍、反空袭，这两方面在军事以及情报安全上的考虑，还是在万一发射任务失败，或者抛弃整流罩的溅落区这样的对于平民的安全角度考虑，都是上佳之选。酒泉承担了中国的首颗卫星发射任务，以及首次载人任务。到2020年初为止，为中国目前唯一的载人任务及空间站任务发射场。\r\n太原篇在1960年代中苏关系开始紧张、边境摩擦加剧、苏联入侵变为一种可能之后，接近中蒙边境、而且地形开阔的酒泉卫星发射中心的军事安全就顿时成为一个问题。于是，太原卫星发射中心在1966年开始选址勘测，1967年开始建设。1968年投入使用，成为中国第一个自行设计建造的火箭发射场。同年12月，中国第一代自行设计研制的液体中程运载火箭在此首发成功。太原卫星发射中心地处1400米左右的山区，距离太原市284公里。太原卫星发射中心的缺点在于交通其实并不太便利，尤其是山区并不利于火箭箭体、大型部件的公路、铁路运输。太原目前主要承担太阳同步轨道和极地轨道任务，发射过的卫星包括“风云”、“实践”、“遥感”、“高分”、“资源”等系列，涵盖了气象、光学遥感、资源、通信等多种用途。\r\n西昌篇西昌卫星发射中心在某种程度上可以视为酒泉的二号备份，在中苏关系紧张的1969年开始筹建。西昌地处四川境内1500米左右的山区，远离中苏边界。而且纬度较酒泉和太原都低，比前两者更能利用地球自转，从而在使用同型火箭的情况下增加任务载荷。西昌承担了中国首颗通信卫星的发射任务。从80年代中期开始，主要承担国内外的商用通信卫星发射任务，主攻地球同步轨道。进入新世纪，西昌又承担了至今为止所有的嫦娥探月任务。然而，西昌卫星发射中心的缺点和太原也极相似。当初为了保密和军事安全的选址，同样有着深山中交通不便、基地人员生活不便的问题。\r\n\r\n文昌篇文昌航天发射场虽然是中国四大航天发射场中的小弟弟，但是它的潜力却是最大的。与三位哥哥不同，文昌航天发射场从立项开始就是地方政府大力推动、以民用而非军用为主导目标的。1996年，由当时的海南省科技厅副厅长主持，完成了《海南新世纪国际商用航天港可行性研究报告和项目建议书》，并向国家正式申报。在这个规划中，发射中心初步定在文昌铜鼓岭以北的昌洒镇一带，拟建中的发射场几百米之外就是大海，方便大型运载火箭运输。在一些政协委员不懈的努力下，2000年，“海南国际商业航天发射中心”终于被正式列入国家“十五”计划。文昌的地理位置得天独厚。在四大发射场中纬度最低，而且临海，接收大型火箭的运输能力，发射时的载荷能力、安全性、扩建潜力都非常可观。在四大发射场中，文昌最有可能在将来成为中国的卡纳维拉尔角。不但能够承担“国家队”的各种卫星发射、空间站、探月、载人航天等任务，也会成为中国民营商业航天的摇篮。前不久的5月5日，中国新一代载人飞船的试验船就由长征5号B从文昌成功发射入轨。\r\n\r\n',4,'为什么中国有四个航天发射场？各有什么优势？'),(64,6,'王五','\r\n\r\n现在国庆在返校的路上，无聊答一下我是一名大学生，衣食无忧。父母安康 朋友也有但是晚上一闭眼 睡觉之前 一个人坐公交的时候回家路上地铁的候车室走走停停散步的路上打开电视发现没什么想看玩游戏玩久了从手机里抬头我就会莫名其妙的想 真没意思我好像什么都不缺 好像什么都想要要到了又觉得 没什么意思开始这么想的次数越来越频繁我算了算 应该是在大学开始以后的不久以前太忙了 倒没时间这么想 烦恼的都是考试 成绩 学校 友情 一些小事从上了大学 我就自以为是把我的以后未来都开始板上钉钉 一眼可望我没有特别喜欢的异性  但我肯定忍受不了以后和一个不爱的人将就一生所以我盘算了一下 我做好了孤独终老的准备一回头想想 我才十九岁 。是不是有点悲观了我觉得生活没意思 但我不敢死没意思 我也想就这样先活着就像很多人说的 我们不能那么自私 活着并不是为了你自己一个人而活我们的命 是父母的 每当我们这么想的时候都是对他们的残忍所以我不知道 先这么走着起码 我还想去买一把吉他在大街上唱一首煽情的情歌 装作是一个有故事的流浪者还有 我想买一台卡片相机拍一拍 向往好久了的日本的樱花  还有阳光 绿草 月亮 雨露 很多人 把他们都拍的美美的我好像也并不是那么渴望爱情 但是我觉得我有点想好好去爱一个人特别爱起来的时候  就不会那么无聊了最好 他可以最后也爱上我。嗯 还有吃的 也是我放不下的一样东西这样想下来 是不是还有很多羁绊尽管日子还是一样的粘贴复制我都想未来好好实现一下这些事实现之后了呢?不管了 先实现了再说对吧?',1,'突然觉得活的很没意思，各位是如何保持对生活的热爱的？'),(65,6,'王五','\r\n\r\n前几天像往常一样买菜，晃过肉摊，退了两步回来，可以买点瘦肉给宝们包小馄饨，我：“老板，来10块钱的瘦肉”说完，我低着头整理电瓶车上的蔬菜，捡地上小宝弄掉的钥匙，不然豆腐压扁了回家不好切，老板：“好，15块钱的好吧？多出了一点点”我“可以，没事，”还在低着头整理蔬菜，卖家称好了递给我，我准备付钱，一看怎么这么少，心奇的问了一下“现在肉多少钱一斤了呢？”卖家说28一斤，我差点就一声“啊”没发出来。我掂了掂手上的“15块钱的”好像就是这么多，回了一句“现在肉涨这么多”卖家笑着回我“你多长时间没买肉了？这阵子还掉价了”是啊，我是很长很长时间没买猪肉了，我买的是鸡肉，三黄鸡8块左右一斤，半个鸡块切小点，我家里在放两个土豆，俩辣椒，一大盘，还是鸡肉省点，或者买鲫鱼，一条就够，清炖。自来水开关，晚上开的很小很小，一滴一滴的滴 ，一晚上可以滴两桶水，水表是不会走的，如果不是为了节俭，谁会这样做呢，原谅我，明年我保准不这样干了。备注：现在已经没有这样做了，水费会去补一些，家里洗衣机，清过衣服的水，冲洗厕所，拖地，刷鞋子。（老式洗衣机，脱水管可以拿出来，接用过的水）放假了，女儿想去商场里溜达溜达，好，去，今年头一回去商场，两岁多的儿子看见了一个很心仪的挖掘机，站那里不走，隔着玻璃眼巴巴的看着，我知道那是他一直最心仪的玩具，我估摸着怎么也得1百多，大，还带充电类型，估计还拿不下商场又不能还价，小宝买了，大宝也会想要，也得买，不然不公平，三下五除二的，这逛商场得几百大洋，于是我哄了很久，背着他走了一路，时不时挠他痒痒，一会开心的笑起来，也答应回家的时候去买个便宜的。我和女儿说，出来玩中午回家吃饭远，不方便，饿了，妈妈包里给你们带着呢，“玉米，茶鸡蛋，牛奶，红薯……，”保温杯里有开水，回家再给你们做热的汤饭，外面吃太贵了，花钱买点实用的，女儿很懂事。玩了一天，我们买了一个风筝，陪着他俩放了一天，回来孩子们睡着了，安安静静的做着看着他俩，心里五味杂陈，抚摸着他俩的额头，不这样省，过年回家能剩多少钱呢？过年还要花钱的，眼跟前了没几个月了。天凉了，儿子去年就两双鞋子，有点小了，去买鞋，小商品市场，一双鞋子40，还价还到25，卖家说“今年生意不好做，就在加几块，”其实我也不想还的，只是能少几块钱，就少几块钱，给娃买别的需要的，今年我们也拮据，后来挑了断码的一双。一百块钱打开真的买不了啥，全职在家，今年感觉难，房贷要还，步步都是精打细算，不敢马虎，买了不该买的，花多了心里会疼，有点存款上半年拿给婆婆用了，老人看病啥的这钱得给，这是责任，我们自己省点，一家人日常生活，水电费，七七八八，零零碎碎，老公一个人挣钱，一家人花，不省吃俭用根本不行，俩宝吃的没委屈但都是算着买实惠的东西。这抽纸实惠，20块左右，拼多多买了40包……',1,'都来说说，生活能窘迫到什么地步？'),(66,6,'王五','\r\n\r\n能让自己不断成长莫过于复盘了。我们事情做了很多，学习学了很多，但还是感觉能力没有获得相应的提升。为了继续提升能力，继续埋头苦干，以为能够感动上苍，最终结果还是仅仅感动了自己。做→没效果→继续做→还是没效果→再做……渐渐陷入了一个死循环。如何才能打破这个死循环呢？莫过于计划和复盘。下面我就讲讲如何进行复盘？很多人都陷入了一个误区，以为复盘就是将白天的事情回想一遍，心里发发牢骚，来一句，下次我再也不会这样了，就将复盘画上了句号。同学，你这叫写日记不叫复盘。正确的复盘姿势是怎么样的呢？开始之前先想一下一个问题？我为什么要对这件事情复盘？第一步：从三个维度进行反思维度一:Why1.为什么要做这件事2.为什么你会那么做3.为什么结果会是那样的……维度二：How1.这件事可以怎么做2.这件事可分为哪些阶段3.怎么样才能保证目标顺利达成？……维度三：What1.问题是什么？2.你都做了些什么？3.实际的结果是怎么样的呢？……关于why，how，what的问题很多，我只是举了几个最简单的例子，大家可以自己安排，但思考的三个维度顺序一定不能换，但可以缺少what。就拿今天写开题报告的事情进行一次复盘吧。-为什么要写开题报告。（why）-为了接下来方便写毕业论文，为其提供思路。-写开题报告这件事情可以分为哪些阶段？（how）-1.收集文献2.阅读文献3.写背景和意义4.写论文大纲5.填写参考文献-我都做了些什么（what）-收集文献，阅读文献就卡壳了。-阅读文献为什么卡壳？（why）-原因有三个：第一次，没经验；看到文绉绉的东西，就不想动，拖延；手机在旁边，诱惑太大。-接下来要怎么做（how）-将重点文献句子划下来，让自己专注思考；询问完成的同学，请教经验；将手机种树，吃番茄。启发：……仅仅举个简单的例子，方便大家理解，大家可以根据自己的具体情况来复盘。不是每一件事情都值得我们复盘的，复盘的效果在于质量而不是数量。复盘的不是以天为单位的，而是以事情的件数为单位的。第二步：将复盘引向行动，行动比复盘更重要。很多人复盘到启发就停止了，所以效能不高。那么如何将复盘变为行动呢？有两种办法：1.制作清单，在未来需要的时候拿出来使用。步骤清单：比如今天你学习了手机摄影了p图，你可以将学习的内容进行一次复盘，将每一个步骤按顺序都写下来，制作成清单。等到下次你拍好照片，直接就按着清单上的操作进行就ok了，当你想教别人p图的时候，也可以直接把清单给他。注意清单：再比如今天你学习了思维导图，可以把画思维导图过程中的注意事项写成一个清单，方便自己查看收藏清单：比如今天和女朋友出去吃饭，观察女朋友喜欢到哪吃，喜欢吃什么菜，……制作一份收藏清单，避免下次踩雷。2.写下待办事项，下次跟进。比如上面我举例的写开题报告。通过复盘，我知道了下一步要怎么做，直接就将步骤写到待办事项里，将其变成一个行动计划，当然很可能你之前就   对这件事情有了计划，就可以根据今天的情况对计划进行修改和完善。',1,'有哪些生活小习惯，慢慢地可以改变一个人的性格或者生活？'),(67,7,'yangzehao','\r\n\r\n这恐怕也是《名侦探柯南》和《福尔摩斯探案集》的差距。为什么《福尔摩斯探案集》是永恒经典？别看人物形象上，福尔摩斯没什么感情被华生称为推理机器，柯南有朋友有恋人各种故事，人物要鲜活一些。实际上从知识能力方面，柯南是最不真实的。福尔摩斯知识列表。1、文学知识——无。2、哲学知识——无。3、天文学知识——无。4、政治学知识——很少。5、植物学知识——相当片面，但对于莨菪制剂、鸦片及毒品却知之甚详。而对于实用园艺学却一无所知。6、地质学知识——偏于实用，但也有限。但他一眼就能分辨出不同的土质。他在散步回来后，曾把溅在他的裤子上的泥点给我看，并且能根据泥点的颜色和坚实程度说明是在伦敦什么地方溅上的。7、化学知识——渊博。8、解剖学知识——准确，但无系统。9、惊险文学——很广博，他似乎对近一世纪中发生的一切凶杀事件都深知底细。10、音乐知识：小提琴拉得很好。11、体育知识：善使棍棒，也精于刀剑拳术。12、法律知识：关于英国法律方面，他具有充分实用的知识。柯南不完全记录1.把手电筒的头拆下来，把里面的反射板拿下来，把火柴放进反射板里，然后把这个正对太阳，让光线集中，就算是湿的火柴也能点著2.把短针指向太阳的时候，短针和十二点之间二分之一的地方就是南方，所谓东方就是他左边的九十度角3.把水将木板弄湿，涂上一点土，把多余的土弄掉之后，木板上的字就显示出来了4.虾蛄仙人掌在国外因为只会在冬天开花，所以常被当做圣诞礼物送人，也就因为这样，被称为圣诞仙人掌5.因为平常会使用连接钓竿的人，在把钓竿连接起来之后，常常碰到抽不掉的地方。这个时候为了不让手抓住，钓客会抓住像是塑胶把手，或者是用比较粗的用塑胶做的不易脱离的接，往反方向把接起来的钓竿抽开。这就是抽竿器的作用。6.福尔摩斯和莫利亚提教授一起跌落到谷底的时间是1891年5月4日7.珍珠所代表的意义就是月亮和女性。8.开灯状态下的玻璃窗户以黑色建筑为背景，就会像个镜子一样进行反射作用，虽然不是直接看到现场，但凶案现场的场景却会映照在这个病房的窗户上9.“Demon”就是“恶魔、鬼”的意思，同时，我们把打高尔夫球打到一百球以上的人叫做三尾屐或是躲猫猫的鬼。10\'在日本这里隐形眼镜被视作为一种医疗用品必须准确计算可视光线透过率是必须要以光线能通过的标准为基准，所以不会贩卖类似太阳眼镜透光率过低的隐形眼镜的，市面上所投放的彩色隐形镜片也只是在周围著上不同的颜色，中心部位还是会让镜片保留透明。11.洞穴里的蝙蝠，平常只吃昆虫，所以它们对细小的动作或声音反应会非常敏感。同时洞穴里的蝙蝠只会栖息在距离入口300公尺以内的范围。12.有练过高低杠的人，大腿上都会长出独特的茧13.外科医生的手指上有一条斜斜的痕迹，担任外科医生在手术的时候，通常会边用两手的食指固定细细的线，一边打结14.长毛种的猫最怕温度过热，所以要提供一个具有空调的环境才行看出什么不同了吗？福尔摩斯的知识列表虽然强大，但并不是普通警察遥不可及，如果一个警察立志要成为优秀的名侦探，系统学习这方面知识，是可以对工作有极大的促进的。而柯南，可怕的不是他展现出知识领域之多，而是他知识的细度，这些知识实在是太冷门了，根本不是一个领域的常识，也许一个人知识结构可以跨过各个领域，但往往都是很粗浅。比如我，要是列出我的知识领域也很广博，书法绘画，数学物理，摄影构图，印章玉石，历史文学地理哲学美学。。。。但很多领域细度深度严重不足，自认历史知识丰富，问我宋朝主要大事件我能侃侃而谈，但问起我宋朝有没有长城，我真不知道，在知乎里回答过一个哲学问题，西方哲学上面和人辩论，但那天他反驳我用中国古典哲学，我就一下子尴尬了。就算是《晓说》里面上知天文下知地理的高晓松，先不说录节目之前肯定做了很多功课，就算是这样其实也犯过非常多的错误，明显看得出高晓松知识的细度深度也是不足的，尤其是军事，历史，足球几个领域，高晓松也就知道个大概。而柯南不是，他对那些冷门知识的掌握程度，随便一个拿出来都能说出一长串资料，可怕的是柯南那种无所不知的风采。每一个知识都是需要各个领域大量掌握达到精通程度，才会知道这么多别人很难知道的知识。在这些领域，柯南必须比专家还专家，每一个领域都要花大量时间学习记忆，而且还有很大部分是必须实践才能掌握的比如高尔夫球，比如冲浪，驾驶的实际操作知识。考虑到涉及领域之庞大，几乎包含了一切领域，柯南的知识储备根本就不像人，而是人形CPU，这种知识储备，再加上这本身就是个知识大爆炸的时代，吾生也有涯，而知也无涯，根本不可能。《名侦探柯南》毕竟是流行作品，商业作品，需要惊险的剧情，奇怪的冒险，超级的翻转来吸引读者，所以各种知识生冷不忌往里面塞，完全不考虑真不真实。里面很多破案逻辑是有问题的，比如《贝克街的亡灵》手指细长找到开膛手杰克，你就那么肯定别人没把戒指取下来，《世纪末的魔术师》事情精巧地就像设计。里面很多知识都是为了增加剧情好看塞进去的，一个案件，那句话的线索在古兰经里面，柯南突然就能记清楚这是倒数第几章了，日本没有什么MSL，但柯南就是能，很多情节也是完全不合理的，比如腰带里抽出足球，先不说制造难不难，就说用足球攻击这个手段，为了突出热爱足球的个人形象完全不顾真不真实，足球本身质地柔软，很难造成一击丧失行动能力的效果，效率极低，柯南生死危机下冷静命中的脚法，从无失手，都已经超越了梅西C罗。（评论区有异议，我承认足球杀伤力大于篮球，打中脸也确实非常痛，可能恢复很久，但足球柯南大概率命中后背手臂这些部位，要彻底丧失行动能力，直接像瘫痪一样恐怕没那么简单，我觉得很大程度上拿足球防身就是作者在玩一个花哨的技能，读者自己选的话，要防身，你会选择一把枪还是足球？）而《福尔摩斯》 系列要更真实很多。福尔摩斯首先就在推理严密性远远胜过名侦探柯南。战斗技能设定也仅仅是福尔摩斯肌肉爆发力极强，擅长技击和剑术，轻易不会吃亏，远比柯南的恐怖的射门脚法和力度现实。福尔摩斯本身运用的知识都是比较常规的，而剧情上面也没有那么多惊险性曲折性。他绝不会突然之间一边跟敌人说话，一边听华生吹笛子，脑子里将声音转换为音符，再转换为字母，再转换为德语，再理解为狙击，这种剧情只有名侦探柯南才有。就算是最惊险的《斑点带子》《爬行人》《巴斯克维尔猎犬》，也绝不会出现这种太夸张的剧情，《福尔摩斯》更像一个个真实的案件记录。真实的犯罪大多不过是些普通人，哪有那么多离奇故事。因为真实严密，所以福尔摩斯系列对现代刑侦启发极大，他是超越时代的名侦探，领先那个时代120年。福尔摩斯里面的系统知识对后世带来很大帮助，比如《血字的研究》，福尔摩斯提出举出了140种雪茄、香烟、烟丝的烟灰辨认，同理，他提出的各种科学手段都成为后世的经典。最常见的一个，很难想象，案件现场保护这种现在基本的刑侦思维，在维多利亚时代居然是没有的，那时候警方来了，犯罪现场先清理，该埋的埋，该处理的处理，然后警方慢慢破案，正是因为那个年代刑侦手段的极度落后，破案手段几乎只有找目击证人，开膛手杰克才会让伦敦陷入巨大的恐慌，连环杀人，伦敦黑夜，恐怖开膛，警方也一筹莫展，日后一百年里，都成为悬案，如果当时有成熟的手段和系统方法，绝不会弄到这个地步。现场保护这种思维出现在了那个时代的福尔摩斯小说里面，之后才慢慢成为刑侦界的共识和基本思维。还有演绎推理的严密性，石膏分析脚步，对现场证据的仔细勘验，尸体的死亡分析，血迹的辨认类型，血液化学鉴定，不同子弹不同距离的创伤不同。福尔摩斯是如此杰出，以一介虚构人物却成为了现代法医、法证、弹道分析、毒理学、步态分析等各种鉴定学科的发展贡献者甚至始祖。所以福尔摩斯才会成为不可超越的经典。 另外说说《神探夏洛克》，其实这部剧才是和《名侦探柯南》有些像的作品，都是流行商业作品，编剧放弃了原著里面很多严密逻辑和刑侦思想（或许这才是原著精髓）。《神探夏洛克》专攻剧情精彩和惊险刺激，目的也很简单，就是收视率。第一季硬伤还少一些，从第二季开始，各种各样的漏洞层出不穷，比如到现在都感觉夏洛克假死和存活非常牵强，还有华生婚礼上的延迟刺杀，那种手段让人怀疑真的可能吗？莫里亚蒂也感觉太夸张太玄乎。总结如果题主真有意成为知识技能广博的人，建议不要去模仿《名侦探柯南》这些作品，里面的主角根本就是不真实的，现实生活中根本不可能达到。',0,'要达到柯南的知识和技能储量需要多大努力？'),(68,7,'yangzehao','\r\n\r\n我想分享一个“观点”，而非“知识”。这个观点对我个人启发非常大。参透了它，生活中的烦恼会骤然减少，做事将事半功倍，幸福感会提高许多。好了，不设悬念了。这个观点就是：所有形式的“自毁”行为，其实都是自爱的表现。它是我们每个分裂的自我，进行“自爱”的方式。要停止生命中的自毁行为，只需做一件事，就是“融合那些分裂的自我”。怎么融合呢？用爱融合。意识到爱的存在，意识到它们只是爱在不同意识层面（consciousness level）的表现，本质都是不分高下的。当认识到它们本质上都是“爱”的时候，就不存在矛盾了。 先解释一下这个观点，再谈谈它对我人生的启发。生活中，你是否常常感到，自己是自己的“叛徒”？明明立志要早起，却忍不住赖床？明明说好要减肥，却又喝了杯奶茶？.............. 这些“自毁”程度较轻的例子， 往往不容易引起人们的深度思考，常被粗浅的解读为“这是某人意志力不足，因而在长期目标与即时满足之间选择了后者”，于是衍生出了无数“如何早起”，“如何努力”，“如何自律”，“如何锻炼意志力”.....等头痛医头、脚痛医脚的问题。我们当然可以从脑科学/激素/个体习惯/环境刺激等各种角度去回答这样的问题，且每个角度都能带来些许有价值的答案。然而，以上这些角度都没有触及到真正的问题。真正的问题是，为什么“我”活在天地间，却不能自然流畅的去做“我想做”的事？为什么“我”的生活中充满了纠结与不足，而不是应有的流畅与丰盛？答案是：  一切唯心造。心有异议，行为就一定不一致，自相抵消，最后大部分精力和能量都内耗，造成“想做、而且能力上完全能做到的事，最终却做不到”的结果。是的，所谓“心有异议”，就是分裂的自我。------------------------------------------------为了更好的解释这个观点，举两个更严重的“自毁”例子吧。比如，小红很渴望一段稳定而温暖的感情，但这样的感情真的到来时，她却莫名其妙的用各种方式去“作”，直到把感情作没为止。每次作没了，小红才猛然反应过来，仿佛之前“作”的那个人并不是自己，而是一个见不得自己好的“叛徒”。比如，小明很有事业心，想跳槽、或者做一些项目等等。然而，当他做足了准备、机会降临时，却总会莫名其妙的“失去”这些机会。比如，一个关键的面试迟到了，一个重要的任务晚交了，犯了某个几乎不可能犯的低级错误等等。第一个例子中，小红的内心是冲突的。在她的内心有两个小红——\"小红-A\"和\"小红-B\"。一个渴望别人的爱与陪伴，另一个却相信只有自己一个人，才是安全而自由的。为什么会这样呢？很可能在小红的童年，父母忙于工作，或者因为别的原因（例如重男亲女等）对她特别忽视。童年的小红本能的渴望得到父母的爱，但由于屡屡受挫，不得不产生了另一个人格----一个爱上孤独、将孤独合理化的人格，也就是她的B面。于是“小红-B”让她习惯了凡事靠自己，给自己找乐子，不再渴求外界的关爱和联系，甚至享受一个人无牵无挂的感觉。到了谈恋爱的年纪，小红内心的分裂会逐渐显露出来。她好像需要爱，又好像不需要。一旦开始谈恋爱了，她会以各种自己都意识不到的方式去伤害一段恋情。比如莫名其妙的作、拖延约会、迟到等。其实那是小红的B面在保护她。因为B面深信：只有自己一个人才不会受到伤害，如果打开了自己的心去渴求别人的爱的话，这种期待很可能带来与童年一样的痛苦。所以划重点，这些看似“自毁”的行为的出发点，恰恰是是小红的B面，以自己有限的经验和认知，在帮助和爱护着小红。诚然，这个B面有点傻有点固执，抱着过去的fixed mindset去应对当下的生活，反而害了小红。但是这是它唯一知道的智慧，也是它一直赖以生存的可怜的信仰。这种行为的背后，是一种笨拙的“自爱”。再看第二个例子，小明也有两面——“小明-A”和“小明-B”。假设小明在一个典型的中国家庭的批评+填鸭式教育中长大，那么从小到大，小明已经习惯了，压抑自己的想法去取悦父母。举个例子，小明很喜欢跳舞，可是父母说搞这些玩意儿影响学习，赶紧多做几道题。小明喜欢观察小动物，可是父母说少整那些没用的，多做几道题。总之....小明喜欢的任何事物，都没有得到过尊重，只有跟学业和未来前途相关的一切才会被支持。久而久之，小明也不知道自己喜欢什么了。或者说，他已经忘了自己真正喜欢什么，想做什么。他按部就班的上了一个不错的大学，按部就班的学了一个“热门”的专业，按部就班的找了一个高薪的工作，干了几年，按部就班的打算跳槽涨薪水。这时候，小明的A面，就是那个听话、服从、让父母感到骄傲的、让他获取世俗意义上成功的一面，也就是他一直以来赖以生存的主导面，告诉他应该好好准备面试跳槽，迎来人生“新的高峰”，可是他的B面却很清楚，这不是他真正喜欢的生活，他只是听了别人的话去追求了自己并没有那么喜欢的目标，事实上，小明觉得很空虚，很无意义。他的B面希望他可以停止这种无意义的追逐，停下来想一想，自己究竟想过什么样的生活，自己的人生中，曾经喜欢的事物现在在哪里？那些跟跳舞和小动物有关的美好记忆，难道只是空虚的时候聊以自慰的素材吗？难道自己真心喜欢的事物不值得用一辈子去追求吗？这样的小明，自然是会面试失败的。因为其B面一直在苦心劝阻他，想要让他从混沌的轮回中解脱出来，真正去追求心中所爱。尽管小明没有勇气去面对，但是B面不会停止对他的忠告。出于这种深沉的爱，哪怕看起来是“自毁”前途，B面也会努力的让小明意识到自己的存在，并用各种“捣蛋”的方式让他做出回应。---------------总结一下这两个例子：许多人因为一些（童年）经历，人格不得不“分裂”出了自相矛盾的两面--A面 / B面。它们有着截然相反的信仰，而且往往，在某一时刻只有一面是主导，该主导面会压抑另一面，使得本体自己也意识不到另一面的存在。但那被压抑的一面并没有消失，只是藏得更深了，并且时不时用看似“自毁”的形式宣告自己的存在，并试图把本体往它所认为的“正途”上带。这就是为什么很多人会觉得，自己常常有自毁倾向，且活得纠结而拧巴的原因---因为在这些人的身体里，确实有两股力量在拉锯。\r\n\r\n》》 解释完了“心有异议----分裂”这一点，我们来谈谈如何化解这种分裂。从前两个例子中也可以看到，其实A面和B面并没有哪个是恶意的。表面上看起来让你失去很多机会的那个内在的叛徒，其实只是你从小到大赖以生存的一种深层的适应机制/生存模式(survival mechanism）试图用它的方式继续保护你和提醒你罢了。就像本文开头所说的，所有表面的“自毁”行为，都是人格被压抑的那一面，在以它的方式“爱”你和“救”你的表现。意识到这一点，可以让我们摆脱自责、自厌(guilt, self-hate)等情绪 ——许多人由于前面所说的“分裂”而内耗、完成不了生活中的目标时，习惯性的自我谴责，这又进一步强化了内在的冲突。只有用“爱”的觉察去关注和体会到自己的“每一面”对自己的良苦用心，才会真正摆脱这种循环。是的，我们要做的很简单，就是觉察。(对自己的compassionate attention）当你想要做一件事却怎么都不能好好完成时，请好奇的询问自己，是不是有一个内在的叛徒存在？这个叛徒想要做什么？ta在试图帮你意识到什么问题？还是想要保护你不受伤害？以前是否有类似的情境下你受过伤害？是不是在某次创伤之后，这个内在的叛徒才诞生的？....当你循着这样的问题、向内探寻时，很可能会惊讶的发现自己在许多维度，都分裂成了两面。而真正的“你”，是无数个A/B面的综合体。\r\n\r\n（注：这里我并不想使用“自我/本我/超我\"的概念，因为这套概念强调的是人格的层次（layer)。而本文主要探讨的是人格在各个维度的两极分裂 --也就是polarity。故我使用的是“分裂”一词，英文多为split，或fragmentation。）是的，当你第一次清晰的意识到自己内心的冲突与分裂时，也许会感到害怕。但是这正是觉醒的第一步。如果不想要继续“左右互搏”、把自己本该圆满和丰盛的生命能量耗费在纠结与不满中，就请勇敢一点，正视自己的分裂。与分裂（fragmentation）相对的，是融合（integration）。如何融合分裂的自我，是一个复杂的话题。简而言之，当你意识到自己的分裂时，融合就已经开始了。当你对自己分裂的部分（parts）进行好奇的询问(compassionate inquiry）时，这种好奇的关爱，会让本来分化的两极慢慢靠拢，同时，你作为一个更高的意识，认识到，所有的这些“A面B面”，都只是你的一部分，都在试图以自己的方式保护和爱着你。这时候，冲突就被爱给化解了。Understand that all of these parts are part of you. And by definition that means you\'re none of them. You\'re the awareness above all of them.也就是说，用意识，去看破这些表面的“冲突”与“两极”，当你看破时，冲突就不存在了。(这个没什么玄乎的，我们的attention，本来就是一种能量）\r\n当你解决了内心的冲突与分裂时，能量不再内耗，不再纠结，该吃饭吃饭，该睡觉睡觉，能品尝生活本身平淡的甘甜了。至于人生目标，有或没有都行。有目标就尽力去做，做不到就调整一下目标和方法，然后继续。没目标就欣赏一下春花秋月也没什么不好。有什么可纠结的呢？最后的最后，我们与他人的冲突、与世界的冲突，实际上，都只是各自内在冲突的外化罢了。当每个人用爱去审视自己的内心，化解各自内心的冲突与分裂后，我们与世界的关系也会随之改变,  所谓的“和谐”，应该是这样到达的。\r\n',0,'有哪些知识，你知道后你的世界马上就不一样了？'),(69,7,'yangzehao','\r\n\r\n2008年，我大四。5月11日傍晚，刚到成都。从双流机场，驱车前往金牛区，找同学会合。接下来几天，天南地北的崽子都会来到成都，我们会在成都及周边，进行为期不到一周的逛～吃～逛～吃～之旅，行程安排紧密，精确到以小时计。这次我们期待已久的小聚，终于要变成现实。2008年5月12日，吃完午饭，我和小伙伴就躺了，前一晚夜聊很久，体力实在不支。我们是在一阵很奇怪的“轰隆隆…隆隆…”声中被吵醒的，从没听到过这样的声音，像是工地施工？但是怎么会这样厚重，结实，而且连续不断，甚至越来越响！我和小伙伴迷迷糊糊地坐起来，脑子还没清醒，第一眼对视还没结束，发觉，床开始“摇”。这是怎么了？难道在做梦？！难道两个人在两张床上，做着同样的梦？！也没沾酒啊！还没想完，又是一阵摇，摇得更猛了，奇怪的轰隆隆更响了！这次彻底把我整懵了。床在晃，门在晃，玻璃在晃，我至今记得那些门扇晃动摩擦门框的声音，和像是狂风扫过时玻璃尖锐的嘶叫。小伙伴一个箭步上前，一手抓我，一手抓包，鞋都顾不上，扯着我就往外冲。幸好，只是二楼。站定之后，地上一片碎瓦砾，到处都是，也不知道从哪里来的。周围的人惊慌失措，衣衫不整，身上淌着血，我看了一圈，一个都不认识，下意识地抓着小伙伴的手，我看着她，她看着我，连抖都顾不上，傻彻底了！空气里陆续有声音传来，说是地震了，震得还不小，估计有灾！我赶紧掏出手机给我妈发消息：“成都地震了，我还好！”。后来才知道，消息并没有全部发出去，我妈收到的是：“成都地震了，我”。发完消息，还是发慌，紧接着给我妈打电话。可是，电话，再也拨不出去了，信号断了……移动断了，联通断了，站在楼下的我们，周围的所有人，手机信号都断了，一个电话都打不出去了。如果说之前只是慌，现在才真的怕了。惊魂未定，又联系不上外界，周围都是人，但没人能帮你，明明天上太阳很大，阳光很亮，手心还是不住地发凉、冒汗。腿有点发软，一屁股坐在地上。刚坐下，地就开始动。或许地一直都在动，只是我没有发觉。这时，屁股下面突然感觉不对，像是蛇顺着一个方向，窜的一下，过去了。速度很快，时间很短，很轻，但是你能明显感觉到它移动的方位。小伙伴也感受到了，一个眼神向我望来。我们坐在地上，水泥地面，不可能有蛇！余震？不知道！或许是吧……不知道坐了多久，还是有点懵。渐渐地，晃动减弱了，奇怪的轰隆隆隆声没有了，周围人的声音小了，情绪稳定了，有的胆大的开始上楼拿东西了。我问小伙伴几点了，“2点50吧”，她说。2008年5月12日下午2点50分。这个时间我一直记得，毕竟，在这个时间之前，我的脑子就是一团浆糊，从这个时间点开始，我才稍微转回了点意识。随大流上楼拿东西时，路过一楼，看见一条拳头粗的裂缝，从墙根一路延伸到天花板。这样的裂缝不止一条，它们在提醒我，刚才发生了什么，发生的，都是真的！那些生与死的刹那，那些惶恐无助的瞬间，那些尖叫与惊呼，都是真的！13年过去了，如果不是看到这个问题，我应该也不会这么认真的去回忆当时的场景。事后，我做了一件事，印象很深刻。我把QQ备注改成了：认准了，就去做，不跟风，不动摇。矫情吗？是有一点！也正是这句“矫情”，引发了我随后一年的“肆意妄为”：卯足劲儿一边工作，一边准备出国读书，拿到了心仪的offer，辞去了那份体面的、令人艳羡的，且是我从儿时开始就梦寐以求的工作。活得随性一点，胆大一点，为自己而活。年岁逐增，渐渐懂得为自己活，照自己的方式做一些自己喜欢的事，不在乎别人的诋毁流言，不在乎别人的批评意见，只在乎那一份随心所欲地舒坦自然。（杏林子《朋友及其他》）我曾经尝试着把这件事当故事讲给孩子们听，不过可惜，他们还小，听不下去，还没讲两句，就吵着要去看恐龙。不过，没关系，来日方长。妈妈的这段经历，胆小也好，懦弱也罢，甚至有些年少轻狂。只要有只言片语入得了他们的耳，那也是有价值的吧！',1,'5.12汶川地震时，你在哪？在干什么？多年后再看，这件事改变了你的生活态度和轨迹吗？');
/*!40000 ALTER TABLE `userblog` ENABLE KEYS */;
UNLOCK TABLES;

--
-- Table structure for table `usercomment`
--

DROP TABLE IF EXISTS `usercomment`;
/*!40101 SET @saved_cs_client     = @@character_set_client */;
 SET character_set_client = utf8mb4 ;
CREATE TABLE `usercomment` (
  `comment_id` int(11) NOT NULL AUTO_INCREMENT,
  `comment_content` varchar(1000) DEFAULT NULL,
  `comment_userId` int(11) DEFAULT NULL,
  `comment_blogId` int(11) DEFAULT NULL,
  `comment_username` varchar(1000) DEFAULT NULL,
  PRIMARY KEY (`comment_id`)
) ENGINE=InnoDB AUTO_INCREMENT=27 DEFAULT CHARSET=utf8mb4 COLLATE=utf8mb4_0900_ai_ci;
/*!40101 SET character_set_client = @saved_cs_client */;

--
-- Dumping data for table `usercomment`
--

LOCK TABLES `usercomment` WRITE;
/*!40000 ALTER TABLE `usercomment` DISABLE KEYS */;
INSERT INTO `usercomment` VALUES (1,'我觉得很对',4,12,'abc'),(2,'不行啊',6,12,'王五'),(3,'本周，非洲国家乍得突然宣布，总统代比在距首都只有300公里的前线，遭反政府武装袭击，不幸去世。军队还宣布宵禁，切断了国内所有路上关卡，说是为了“维护国家的统一与稳定”，但实际是把指挥棒交给了总统儿子，还是父死子继那一套。其实，无论是哪一方取得胜利，乍得这个“国家”都没有未来',5,12,'杨栩'),(4,'本周，非洲国家乍得突然宣布，总统代比在距首都只有300公里的前线，遭反政府武装袭击，不幸去世。军队还宣布宵禁，切断了国内所有路上关卡，说是为了“维护国家的统一与稳定”，但实际是把指挥棒交给了总统儿子，还是父死子继那一套。其实，无论是哪一方取得胜利，乍得这个“国家”都没有未来',5,12,'杨栩'),(5,'本周，非洲国家乍得突然宣布，总统代比在距首都只有300公里的前线，遭反政府武装袭击，不幸去世。军队还宣布宵禁，切断了国内所有路上关卡，说是为了“维护国家的统一与稳定”，但实际是把指挥棒交给了总统儿子，还是父死子继那一套。其实，无论是哪一方取得胜利，乍得这个“国家”都没有未来',5,12,'杨栩'),(6,'本周，非洲国家乍得突然宣布，总统代比在距首都只有300公里的前线，遭反政府武装袭击，不幸去世。军队还宣布宵禁，切断了国内所有路上关卡，说是为了“维护国家的统一与稳定”，但实际是把指挥棒交给了总统儿子，还是父死子继那一套。其实，无论是哪一方取得胜利，乍得这个“国家”都没有未来',5,12,'杨栩'),(7,'本周，非洲国家乍得突然宣布，总统代比在距首都只有300公里的前线，遭反政府武装袭击，不幸去世。军队还宣布宵禁，切断了国内所有路上关卡，说是为了“维护国家的统一与稳定”，但实际是把指挥棒交给了总统儿子，还是父死子继那一套。其实，无论是哪一方取得胜利，乍得这个“国家”都没有未来',5,12,'杨栩'),(8,'那么mrna是什么呢？',7,12,'yangzehao'),(9,'还行',5,12,'杨栩'),(10,'还是可以用的。\r\n',7,44,'yangzehao'),(11,'高考啊，真是怀念啊。',7,45,'yangzehao'),(12,'坐等吃瓜',7,46,'yangzehao'),(13,'散户接盘罢了。',7,47,'yangzehao'),(14,'是本好书。',7,48,'yangzehao'),(15,'我不是。',7,49,'yangzehao'),(16,'好好读书吧。。。',7,50,'yangzehao'),(17,'有点意思\r\n',7,51,'yangzehao'),(18,'还可以，慢慢开始度过人生吧。',7,52,'yangzehao'),(19,'《海底》',7,53,'yangzehao'),(20,'网易云',7,54,'yangzehao'),(21,'听不见的，不方便生存',7,55,'yangzehao'),(22,'还好，在穿鞋',7,69,'yangzehao'),(23,'人世无常，知足常乐',7,68,'yangzehao'),(24,'加油中国！！！',7,61,'yangzehao'),(25,'加油中国！！！',7,60,'yangzehao'),(26,'加油自己！！',7,59,'yangzehao');
/*!40000 ALTER TABLE `usercomment` ENABLE KEYS */;
UNLOCK TABLES;
/*!40103 SET TIME_ZONE=@OLD_TIME_ZONE */;

/*!40101 SET SQL_MODE=@OLD_SQL_MODE */;
/*!40014 SET FOREIGN_KEY_CHECKS=@OLD_FOREIGN_KEY_CHECKS */;
/*!40014 SET UNIQUE_CHECKS=@OLD_UNIQUE_CHECKS */;
/*!40101 SET CHARACTER_SET_CLIENT=@OLD_CHARACTER_SET_CLIENT */;
/*!40101 SET CHARACTER_SET_RESULTS=@OLD_CHARACTER_SET_RESULTS */;
/*!40101 SET COLLATION_CONNECTION=@OLD_COLLATION_CONNECTION */;
/*!40111 SET SQL_NOTES=@OLD_SQL_NOTES */;

-- Dump completed on 2021-05-14 19:20:54
